"group_name","SPECIES_CODE"
"Sea stars",80000
"Sea stars",80001
"Sea stars",80002
"Sea stars",80003
"Sea stars",80004
"Sea stars",80005
"Sea stars",80006
"Sea stars",80007
"Sea stars",80008
"Sea stars",80009
"Sea stars",80010
"Sea stars",80011
"Sea stars",80012
"Sea stars",80013
"Sea stars",80014
"Sea stars",80015
"Sea stars",80016
"Sea stars",80017
"Sea stars",80018
"Sea stars",80019
"Sea stars",80020
"Sea stars",80021
"Sea stars",80022
"Sea stars",80023
"Sea stars",80024
"Sea stars",80025
"Sea stars",80026
"Sea stars",80027
"Sea stars",80028
"Sea stars",80029
"Sea stars",80030
"Sea stars",80031
"Sea stars",80032
"Sea stars",80033
"Sea stars",80034
"Sea stars",80035
"Sea stars",80036
"Sea stars",80037
"Sea stars",80038
"Sea stars",80039
"Sea stars",80040
"Sea stars",80041
"Sea stars",80042
"Sea stars",80043
"Sea stars",80044
"Sea stars",80045
"Sea stars",80046
"Sea stars",80047
"Sea stars",80048
"Sea stars",80049
"Sea stars",80050
"Sea stars",80051
"Sea stars",80052
"Sea stars",80053
"Sea stars",80054
"Sea stars",80055
"Sea stars",80056
"Sea stars",80057
"Sea stars",80058
"Sea stars",80059
"Sea stars",80060
"Sea stars",80061
"Sea stars",80062
"Sea stars",80063
"Sea stars",80064
"Sea stars",80065
"Sea stars",80066
"Sea stars",80067
"Sea stars",80068
"Sea stars",80069
"Sea stars",80070
"Sea stars",80071
"Sea stars",80072
"Sea stars",80073
"Sea stars",80074
"Sea stars",80075
"Sea stars",80076
"Sea stars",80077
"Sea stars",80078
"Sea stars",80079
"Sea stars",80080
"Sea stars",80081
"Sea stars",80082
"Sea stars",80083
"Sea stars",80084
"Sea stars",80085
"Sea stars",80086
"Sea stars",80087
"Sea stars",80088
"Sea stars",80089
"Sea stars",80090
"Sea stars",80091
"Sea stars",80092
"Sea stars",80093
"Sea stars",80094
"Sea stars",80095
"Sea stars",80096
"Sea stars",80097
"Sea stars",80098
"Sea stars",80099
"Sea stars",80100
"Sea stars",80101
"Sea stars",80102
"Sea stars",80103
"Sea stars",80104
"Sea stars",80105
"Sea stars",80106
"Sea stars",80107
"Sea stars",80108
"Sea stars",80109
"Sea stars",80110
"Sea stars",80111
"Sea stars",80112
"Sea stars",80113
"Sea stars",80114
"Sea stars",80115
"Sea stars",80116
"Sea stars",80117
"Sea stars",80118
"Sea stars",80119
"Sea stars",80120
"Sea stars",80121
"Sea stars",80122
"Sea stars",80123
"Sea stars",80124
"Sea stars",80125
"Sea stars",80126
"Sea stars",80127
"Sea stars",80128
"Sea stars",80129
"Sea stars",80130
"Sea stars",80131
"Sea stars",80132
"Sea stars",80133
"Sea stars",80134
"Sea stars",80135
"Sea stars",80136
"Sea stars",80137
"Sea stars",80138
"Sea stars",80139
"Sea stars",80140
"Sea stars",80141
"Sea stars",80142
"Sea stars",80143
"Sea stars",80144
"Sea stars",80145
"Sea stars",80146
"Sea stars",80147
"Sea stars",80148
"Sea stars",80149
"Sea stars",80150
"Sea stars",80151
"Sea stars",80152
"Sea stars",80153
"Sea stars",80154
"Sea stars",80155
"Sea stars",80156
"Sea stars",80157
"Sea stars",80158
"Sea stars",80159
"Sea stars",80160
"Sea stars",80161
"Sea stars",80162
"Sea stars",80163
"Sea stars",80164
"Sea stars",80165
"Sea stars",80166
"Sea stars",80167
"Sea stars",80168
"Sea stars",80169
"Sea stars",80170
"Sea stars",80171
"Sea stars",80172
"Sea stars",80173
"Sea stars",80174
"Sea stars",80175
"Sea stars",80176
"Sea stars",80177
"Sea stars",80178
"Sea stars",80179
"Sea stars",80180
"Sea stars",80181
"Sea stars",80182
"Sea stars",80183
"Sea stars",80184
"Sea stars",80185
"Sea stars",80186
"Sea stars",80187
"Sea stars",80188
"Sea stars",80189
"Sea stars",80190
"Sea stars",80191
"Sea stars",80192
"Sea stars",80193
"Sea stars",80194
"Sea stars",80195
"Sea stars",80196
"Sea stars",80197
"Sea stars",80198
"Sea stars",80199
"Sea stars",80200
"Sea stars",80201
"Sea stars",80202
"Sea stars",80203
"Sea stars",80204
"Sea stars",80205
"Sea stars",80206
"Sea stars",80207
"Sea stars",80208
"Sea stars",80209
"Sea stars",80210
"Sea stars",80211
"Sea stars",80212
"Sea stars",80213
"Sea stars",80214
"Sea stars",80215
"Sea stars",80216
"Sea stars",80217
"Sea stars",80218
"Sea stars",80219
"Sea stars",80220
"Sea stars",80221
"Sea stars",80222
"Sea stars",80223
"Sea stars",80224
"Sea stars",80225
"Sea stars",80226
"Sea stars",80227
"Sea stars",80228
"Sea stars",80229
"Sea stars",80230
"Sea stars",80231
"Sea stars",80232
"Sea stars",80233
"Sea stars",80234
"Sea stars",80235
"Sea stars",80236
"Sea stars",80237
"Sea stars",80238
"Sea stars",80239
"Sea stars",80240
"Sea stars",80241
"Sea stars",80242
"Sea stars",80243
"Sea stars",80244
"Sea stars",80245
"Sea stars",80246
"Sea stars",80247
"Sea stars",80248
"Sea stars",80249
"Sea stars",80250
"Sea stars",80251
"Sea stars",80252
"Sea stars",80253
"Sea stars",80254
"Sea stars",80255
"Sea stars",80256
"Sea stars",80257
"Sea stars",80258
"Sea stars",80259
"Sea stars",80260
"Sea stars",80261
"Sea stars",80262
"Sea stars",80263
"Sea stars",80264
"Sea stars",80265
"Sea stars",80266
"Sea stars",80267
"Sea stars",80268
"Sea stars",80269
"Sea stars",80270
"Sea stars",80271
"Sea stars",80272
"Sea stars",80273
"Sea stars",80274
"Sea stars",80275
"Sea stars",80276
"Sea stars",80277
"Sea stars",80278
"Sea stars",80279
"Sea stars",80280
"Sea stars",80281
"Sea stars",80282
"Sea stars",80283
"Sea stars",80284
"Sea stars",80285
"Sea stars",80286
"Sea stars",80287
"Sea stars",80288
"Sea stars",80289
"Sea stars",80290
"Sea stars",80291
"Sea stars",80292
"Sea stars",80293
"Sea stars",80294
"Sea stars",80295
"Sea stars",80296
"Sea stars",80297
"Sea stars",80298
"Sea stars",80299
"Sea stars",80300
"Sea stars",80301
"Sea stars",80302
"Sea stars",80303
"Sea stars",80304
"Sea stars",80305
"Sea stars",80306
"Sea stars",80307
"Sea stars",80308
"Sea stars",80309
"Sea stars",80310
"Sea stars",80311
"Sea stars",80312
"Sea stars",80313
"Sea stars",80314
"Sea stars",80315
"Sea stars",80316
"Sea stars",80317
"Sea stars",80318
"Sea stars",80319
"Sea stars",80320
"Sea stars",80321
"Sea stars",80322
"Sea stars",80323
"Sea stars",80324
"Sea stars",80325
"Sea stars",80326
"Sea stars",80327
"Sea stars",80328
"Sea stars",80329
"Sea stars",80330
"Sea stars",80331
"Sea stars",80332
"Sea stars",80333
"Sea stars",80334
"Sea stars",80335
"Sea stars",80336
"Sea stars",80337
"Sea stars",80338
"Sea stars",80339
"Sea stars",80340
"Sea stars",80341
"Sea stars",80342
"Sea stars",80343
"Sea stars",80344
"Sea stars",80345
"Sea stars",80346
"Sea stars",80347
"Sea stars",80348
"Sea stars",80349
"Sea stars",80350
"Sea stars",80351
"Sea stars",80352
"Sea stars",80353
"Sea stars",80354
"Sea stars",80355
"Sea stars",80356
"Sea stars",80357
"Sea stars",80358
"Sea stars",80359
"Sea stars",80360
"Sea stars",80361
"Sea stars",80362
"Sea stars",80363
"Sea stars",80364
"Sea stars",80365
"Sea stars",80366
"Sea stars",80367
"Sea stars",80368
"Sea stars",80369
"Sea stars",80370
"Sea stars",80371
"Sea stars",80372
"Sea stars",80373
"Sea stars",80374
"Sea stars",80375
"Sea stars",80376
"Sea stars",80377
"Sea stars",80378
"Sea stars",80379
"Sea stars",80380
"Sea stars",80381
"Sea stars",80382
"Sea stars",80383
"Sea stars",80384
"Sea stars",80385
"Sea stars",80386
"Sea stars",80387
"Sea stars",80388
"Sea stars",80389
"Sea stars",80390
"Sea stars",80391
"Sea stars",80392
"Sea stars",80393
"Sea stars",80394
"Sea stars",80395
"Sea stars",80396
"Sea stars",80397
"Sea stars",80398
"Sea stars",80399
"Sea stars",80400
"Sea stars",80401
"Sea stars",80402
"Sea stars",80403
"Sea stars",80404
"Sea stars",80405
"Sea stars",80406
"Sea stars",80407
"Sea stars",80408
"Sea stars",80409
"Sea stars",80410
"Sea stars",80411
"Sea stars",80412
"Sea stars",80413
"Sea stars",80414
"Sea stars",80415
"Sea stars",80416
"Sea stars",80417
"Sea stars",80418
"Sea stars",80419
"Sea stars",80420
"Sea stars",80421
"Sea stars",80422
"Sea stars",80423
"Sea stars",80424
"Sea stars",80425
"Sea stars",80426
"Sea stars",80427
"Sea stars",80428
"Sea stars",80429
"Sea stars",80430
"Sea stars",80431
"Sea stars",80432
"Sea stars",80433
"Sea stars",80434
"Sea stars",80435
"Sea stars",80436
"Sea stars",80437
"Sea stars",80438
"Sea stars",80439
"Sea stars",80440
"Sea stars",80441
"Sea stars",80442
"Sea stars",80443
"Sea stars",80444
"Sea stars",80445
"Sea stars",80446
"Sea stars",80447
"Sea stars",80448
"Sea stars",80449
"Sea stars",80450
"Sea stars",80451
"Sea stars",80452
"Sea stars",80453
"Sea stars",80454
"Sea stars",80455
"Sea stars",80456
"Sea stars",80457
"Sea stars",80458
"Sea stars",80459
"Sea stars",80460
"Sea stars",80461
"Sea stars",80462
"Sea stars",80463
"Sea stars",80464
"Sea stars",80465
"Sea stars",80466
"Sea stars",80467
"Sea stars",80468
"Sea stars",80469
"Sea stars",80470
"Sea stars",80471
"Sea stars",80472
"Sea stars",80473
"Sea stars",80474
"Sea stars",80475
"Sea stars",80476
"Sea stars",80477
"Sea stars",80478
"Sea stars",80479
"Sea stars",80480
"Sea stars",80481
"Sea stars",80482
"Sea stars",80483
"Sea stars",80484
"Sea stars",80485
"Sea stars",80486
"Sea stars",80487
"Sea stars",80488
"Sea stars",80489
"Sea stars",80490
"Sea stars",80491
"Sea stars",80492
"Sea stars",80493
"Sea stars",80494
"Sea stars",80495
"Sea stars",80496
"Sea stars",80497
"Sea stars",80498
"Sea stars",80499
"Sea stars",80500
"Sea stars",80501
"Sea stars",80502
"Sea stars",80503
"Sea stars",80504
"Sea stars",80505
"Sea stars",80506
"Sea stars",80507
"Sea stars",80508
"Sea stars",80509
"Sea stars",80510
"Sea stars",80511
"Sea stars",80512
"Sea stars",80513
"Sea stars",80514
"Sea stars",80515
"Sea stars",80516
"Sea stars",80517
"Sea stars",80518
"Sea stars",80519
"Sea stars",80520
"Sea stars",80521
"Sea stars",80522
"Sea stars",80523
"Sea stars",80524
"Sea stars",80525
"Sea stars",80526
"Sea stars",80527
"Sea stars",80528
"Sea stars",80529
"Sea stars",80530
"Sea stars",80531
"Sea stars",80532
"Sea stars",80533
"Sea stars",80534
"Sea stars",80535
"Sea stars",80536
"Sea stars",80537
"Sea stars",80538
"Sea stars",80539
"Sea stars",80540
"Sea stars",80541
"Sea stars",80542
"Sea stars",80543
"Sea stars",80544
"Sea stars",80545
"Sea stars",80546
"Sea stars",80547
"Sea stars",80548
"Sea stars",80549
"Sea stars",80550
"Sea stars",80551
"Sea stars",80552
"Sea stars",80553
"Sea stars",80554
"Sea stars",80555
"Sea stars",80556
"Sea stars",80557
"Sea stars",80558
"Sea stars",80559
"Sea stars",80560
"Sea stars",80561
"Sea stars",80562
"Sea stars",80563
"Sea stars",80564
"Sea stars",80565
"Sea stars",80566
"Sea stars",80567
"Sea stars",80568
"Sea stars",80569
"Sea stars",80570
"Sea stars",80571
"Sea stars",80572
"Sea stars",80573
"Sea stars",80574
"Sea stars",80575
"Sea stars",80576
"Sea stars",80577
"Sea stars",80578
"Sea stars",80579
"Sea stars",80580
"Sea stars",80581
"Sea stars",80582
"Sea stars",80583
"Sea stars",80584
"Sea stars",80585
"Sea stars",80586
"Sea stars",80587
"Sea stars",80588
"Sea stars",80589
"Sea stars",80590
"Sea stars",80591
"Sea stars",80592
"Sea stars",80593
"Sea stars",80594
"Sea stars",80595
"Sea stars",80596
"Sea stars",80597
"Sea stars",80598
"Sea stars",80599
"Sea stars",80600
"Sea stars",80601
"Sea stars",80602
"Sea stars",80603
"Sea stars",80604
"Sea stars",80605
"Sea stars",80606
"Sea stars",80607
"Sea stars",80608
"Sea stars",80609
"Sea stars",80610
"Sea stars",80611
"Sea stars",80612
"Sea stars",80613
"Sea stars",80614
"Sea stars",80615
"Sea stars",80616
"Sea stars",80617
"Sea stars",80618
"Sea stars",80619
"Sea stars",80620
"Sea stars",80621
"Sea stars",80622
"Sea stars",80623
"Sea stars",80624
"Sea stars",80625
"Sea stars",80626
"Sea stars",80627
"Sea stars",80628
"Sea stars",80629
"Sea stars",80630
"Sea stars",80631
"Sea stars",80632
"Sea stars",80633
"Sea stars",80634
"Sea stars",80635
"Sea stars",80636
"Sea stars",80637
"Sea stars",80638
"Sea stars",80639
"Sea stars",80640
"Sea stars",80641
"Sea stars",80642
"Sea stars",80643
"Sea stars",80644
"Sea stars",80645
"Sea stars",80646
"Sea stars",80647
"Sea stars",80648
"Sea stars",80649
"Sea stars",80650
"Sea stars",80651
"Sea stars",80652
"Sea stars",80653
"Sea stars",80654
"Sea stars",80655
"Sea stars",80656
"Sea stars",80657
"Sea stars",80658
"Sea stars",80659
"Sea stars",80660
"Sea stars",80661
"Sea stars",80662
"Sea stars",80663
"Sea stars",80664
"Sea stars",80665
"Sea stars",80666
"Sea stars",80667
"Sea stars",80668
"Sea stars",80669
"Sea stars",80670
"Sea stars",80671
"Sea stars",80672
"Sea stars",80673
"Sea stars",80674
"Sea stars",80675
"Sea stars",80676
"Sea stars",80677
"Sea stars",80678
"Sea stars",80679
"Sea stars",80680
"Sea stars",80681
"Sea stars",80682
"Sea stars",80683
"Sea stars",80684
"Sea stars",80685
"Sea stars",80686
"Sea stars",80687
"Sea stars",80688
"Sea stars",80689
"Sea stars",80690
"Sea stars",80691
"Sea stars",80692
"Sea stars",80693
"Sea stars",80694
"Sea stars",80695
"Sea stars",80696
"Sea stars",80697
"Sea stars",80698
"Sea stars",80699
"Sea stars",80700
"Sea stars",80701
"Sea stars",80702
"Sea stars",80703
"Sea stars",80704
"Sea stars",80705
"Sea stars",80706
"Sea stars",80707
"Sea stars",80708
"Sea stars",80709
"Sea stars",80710
"Sea stars",80711
"Sea stars",80712
"Sea stars",80713
"Sea stars",80714
"Sea stars",80715
"Sea stars",80716
"Sea stars",80717
"Sea stars",80718
"Sea stars",80719
"Sea stars",80720
"Sea stars",80721
"Sea stars",80722
"Sea stars",80723
"Sea stars",80724
"Sea stars",80725
"Sea stars",80726
"Sea stars",80727
"Sea stars",80728
"Sea stars",80729
"Sea stars",80730
"Sea stars",80731
"Sea stars",80732
"Sea stars",80733
"Sea stars",80734
"Sea stars",80735
"Sea stars",80736
"Sea stars",80737
"Sea stars",80738
"Sea stars",80739
"Sea stars",80740
"Sea stars",80741
"Sea stars",80742
"Sea stars",80743
"Sea stars",80744
"Sea stars",80745
"Sea stars",80746
"Sea stars",80747
"Sea stars",80748
"Sea stars",80749
"Sea stars",80750
"Sea stars",80751
"Sea stars",80752
"Sea stars",80753
"Sea stars",80754
"Sea stars",80755
"Sea stars",80756
"Sea stars",80757
"Sea stars",80758
"Sea stars",80759
"Sea stars",80760
"Sea stars",80761
"Sea stars",80762
"Sea stars",80763
"Sea stars",80764
"Sea stars",80765
"Sea stars",80766
"Sea stars",80767
"Sea stars",80768
"Sea stars",80769
"Sea stars",80770
"Sea stars",80771
"Sea stars",80772
"Sea stars",80773
"Sea stars",80774
"Sea stars",80775
"Sea stars",80776
"Sea stars",80777
"Sea stars",80778
"Sea stars",80779
"Sea stars",80780
"Sea stars",80781
"Sea stars",80782
"Sea stars",80783
"Sea stars",80784
"Sea stars",80785
"Sea stars",80786
"Sea stars",80787
"Sea stars",80788
"Sea stars",80789
"Sea stars",80790
"Sea stars",80791
"Sea stars",80792
"Sea stars",80793
"Sea stars",80794
"Sea stars",80795
"Sea stars",80796
"Sea stars",80797
"Sea stars",80798
"Sea stars",80799
"Sea stars",80800
"Sea stars",80801
"Sea stars",80802
"Sea stars",80803
"Sea stars",80804
"Sea stars",80805
"Sea stars",80806
"Sea stars",80807
"Sea stars",80808
"Sea stars",80809
"Sea stars",80810
"Sea stars",80811
"Sea stars",80812
"Sea stars",80813
"Sea stars",80814
"Sea stars",80815
"Sea stars",80816
"Sea stars",80817
"Sea stars",80818
"Sea stars",80819
"Sea stars",80820
"Sea stars",80821
"Sea stars",80822
"Sea stars",80823
"Sea stars",80824
"Sea stars",80825
"Sea stars",80826
"Sea stars",80827
"Sea stars",80828
"Sea stars",80829
"Sea stars",80830
"Sea stars",80831
"Sea stars",80832
"Sea stars",80833
"Sea stars",80834
"Sea stars",80835
"Sea stars",80836
"Sea stars",80837
"Sea stars",80838
"Sea stars",80839
"Sea stars",80840
"Sea stars",80841
"Sea stars",80842
"Sea stars",80843
"Sea stars",80844
"Sea stars",80845
"Sea stars",80846
"Sea stars",80847
"Sea stars",80848
"Sea stars",80849
"Sea stars",80850
"Sea stars",80851
"Sea stars",80852
"Sea stars",80853
"Sea stars",80854
"Sea stars",80855
"Sea stars",80856
"Sea stars",80857
"Sea stars",80858
"Sea stars",80859
"Sea stars",80860
"Sea stars",80861
"Sea stars",80862
"Sea stars",80863
"Sea stars",80864
"Sea stars",80865
"Sea stars",80866
"Sea stars",80867
"Sea stars",80868
"Sea stars",80869
"Sea stars",80870
"Sea stars",80871
"Sea stars",80872
"Sea stars",80873
"Sea stars",80874
"Sea stars",80875
"Sea stars",80876
"Sea stars",80877
"Sea stars",80878
"Sea stars",80879
"Sea stars",80880
"Sea stars",80881
"Sea stars",80882
"Sea stars",80883
"Sea stars",80884
"Sea stars",80885
"Sea stars",80886
"Sea stars",80887
"Sea stars",80888
"Sea stars",80889
"Sea stars",80890
"Sea stars",80891
"Sea stars",80892
"Sea stars",80893
"Sea stars",80894
"Sea stars",80895
"Sea stars",80896
"Sea stars",80897
"Sea stars",80898
"Sea stars",80899
"Sea stars",80900
"Sea stars",80901
"Sea stars",80902
"Sea stars",80903
"Sea stars",80904
"Sea stars",80905
"Sea stars",80906
"Sea stars",80907
"Sea stars",80908
"Sea stars",80909
"Sea stars",80910
"Sea stars",80911
"Sea stars",80912
"Sea stars",80913
"Sea stars",80914
"Sea stars",80915
"Sea stars",80916
"Sea stars",80917
"Sea stars",80918
"Sea stars",80919
"Sea stars",80920
"Sea stars",80921
"Sea stars",80922
"Sea stars",80923
"Sea stars",80924
"Sea stars",80925
"Sea stars",80926
"Sea stars",80927
"Sea stars",80928
"Sea stars",80929
"Sea stars",80930
"Sea stars",80931
"Sea stars",80932
"Sea stars",80933
"Sea stars",80934
"Sea stars",80935
"Sea stars",80936
"Sea stars",80937
"Sea stars",80938
"Sea stars",80939
"Sea stars",80940
"Sea stars",80941
"Sea stars",80942
"Sea stars",80943
"Sea stars",80944
"Sea stars",80945
"Sea stars",80946
"Sea stars",80947
"Sea stars",80948
"Sea stars",80949
"Sea stars",80950
"Sea stars",80951
"Sea stars",80952
"Sea stars",80953
"Sea stars",80954
"Sea stars",80955
"Sea stars",80956
"Sea stars",80957
"Sea stars",80958
"Sea stars",80959
"Sea stars",80960
"Sea stars",80961
"Sea stars",80962
"Sea stars",80963
"Sea stars",80964
"Sea stars",80965
"Sea stars",80966
"Sea stars",80967
"Sea stars",80968
"Sea stars",80969
"Sea stars",80970
"Sea stars",80971
"Sea stars",80972
"Sea stars",80973
"Sea stars",80974
"Sea stars",80975
"Sea stars",80976
"Sea stars",80977
"Sea stars",80978
"Sea stars",80979
"Sea stars",80980
"Sea stars",80981
"Sea stars",80982
"Sea stars",80983
"Sea stars",80984
"Sea stars",80985
"Sea stars",80986
"Sea stars",80987
"Sea stars",80988
"Sea stars",80989
"Sea stars",80990
"Sea stars",80991
"Sea stars",80992
"Sea stars",80993
"Sea stars",80994
"Sea stars",80995
"Sea stars",80996
"Sea stars",80997
"Sea stars",80998
"Sea stars",80999
"Sea stars",81000
"Sea stars",81001
"Sea stars",81002
"Sea stars",81003
"Sea stars",81004
"Sea stars",81005
"Sea stars",81006
"Sea stars",81007
"Sea stars",81008
"Sea stars",81009
"Sea stars",81010
"Sea stars",81011
"Sea stars",81012
"Sea stars",81013
"Sea stars",81014
"Sea stars",81015
"Sea stars",81016
"Sea stars",81017
"Sea stars",81018
"Sea stars",81019
"Sea stars",81020
"Sea stars",81021
"Sea stars",81022
"Sea stars",81023
"Sea stars",81024
"Sea stars",81025
"Sea stars",81026
"Sea stars",81027
"Sea stars",81028
"Sea stars",81029
"Sea stars",81030
"Sea stars",81031
"Sea stars",81032
"Sea stars",81033
"Sea stars",81034
"Sea stars",81035
"Sea stars",81036
"Sea stars",81037
"Sea stars",81038
"Sea stars",81039
"Sea stars",81040
"Sea stars",81041
"Sea stars",81042
"Sea stars",81043
"Sea stars",81044
"Sea stars",81045
"Sea stars",81046
"Sea stars",81047
"Sea stars",81048
"Sea stars",81049
"Sea stars",81050
"Sea stars",81051
"Sea stars",81052
"Sea stars",81053
"Sea stars",81054
"Sea stars",81055
"Sea stars",81056
"Sea stars",81057
"Sea stars",81058
"Sea stars",81059
"Sea stars",81060
"Sea stars",81061
"Sea stars",81062
"Sea stars",81063
"Sea stars",81064
"Sea stars",81065
"Sea stars",81066
"Sea stars",81067
"Sea stars",81068
"Sea stars",81069
"Sea stars",81070
"Sea stars",81071
"Sea stars",81072
"Sea stars",81073
"Sea stars",81074
"Sea stars",81075
"Sea stars",81076
"Sea stars",81077
"Sea stars",81078
"Sea stars",81079
"Sea stars",81080
"Sea stars",81081
"Sea stars",81082
"Sea stars",81083
"Sea stars",81084
"Sea stars",81085
"Sea stars",81086
"Sea stars",81087
"Sea stars",81088
"Sea stars",81089
"Sea stars",81090
"Sea stars",81091
"Sea stars",81092
"Sea stars",81093
"Sea stars",81094
"Sea stars",81095
"Sea stars",81096
"Sea stars",81097
"Sea stars",81098
"Sea stars",81099
"Sea stars",81100
"Sea stars",81101
"Sea stars",81102
"Sea stars",81103
"Sea stars",81104
"Sea stars",81105
"Sea stars",81106
"Sea stars",81107
"Sea stars",81108
"Sea stars",81109
"Sea stars",81110
"Sea stars",81111
"Sea stars",81112
"Sea stars",81113
"Sea stars",81114
"Sea stars",81115
"Sea stars",81116
"Sea stars",81117
"Sea stars",81118
"Sea stars",81119
"Sea stars",81120
"Sea stars",81121
"Sea stars",81122
"Sea stars",81123
"Sea stars",81124
"Sea stars",81125
"Sea stars",81126
"Sea stars",81127
"Sea stars",81128
"Sea stars",81129
"Sea stars",81130
"Sea stars",81131
"Sea stars",81132
"Sea stars",81133
"Sea stars",81134
"Sea stars",81135
"Sea stars",81136
"Sea stars",81137
"Sea stars",81138
"Sea stars",81139
"Sea stars",81140
"Sea stars",81141
"Sea stars",81142
"Sea stars",81143
"Sea stars",81144
"Sea stars",81145
"Sea stars",81146
"Sea stars",81147
"Sea stars",81148
"Sea stars",81149
"Sea stars",81150
"Sea stars",81151
"Sea stars",81152
"Sea stars",81153
"Sea stars",81154
"Sea stars",81155
"Sea stars",81156
"Sea stars",81157
"Sea stars",81158
"Sea stars",81159
"Sea stars",81160
"Sea stars",81161
"Sea stars",81162
"Sea stars",81163
"Sea stars",81164
"Sea stars",81165
"Sea stars",81166
"Sea stars",81167
"Sea stars",81168
"Sea stars",81169
"Sea stars",81170
"Sea stars",81171
"Sea stars",81172
"Sea stars",81173
"Sea stars",81174
"Sea stars",81175
"Sea stars",81176
"Sea stars",81177
"Sea stars",81178
"Sea stars",81179
"Sea stars",81180
"Sea stars",81181
"Sea stars",81182
"Sea stars",81183
"Sea stars",81184
"Sea stars",81185
"Sea stars",81186
"Sea stars",81187
"Sea stars",81188
"Sea stars",81189
"Sea stars",81190
"Sea stars",81191
"Sea stars",81192
"Sea stars",81193
"Sea stars",81194
"Sea stars",81195
"Sea stars",81196
"Sea stars",81197
"Sea stars",81198
"Sea stars",81199
"Sea stars",81200
"Sea stars",81201
"Sea stars",81202
"Sea stars",81203
"Sea stars",81204
"Sea stars",81205
"Sea stars",81206
"Sea stars",81207
"Sea stars",81208
"Sea stars",81209
"Sea stars",81210
"Sea stars",81211
"Sea stars",81212
"Sea stars",81213
"Sea stars",81214
"Sea stars",81215
"Sea stars",81216
"Sea stars",81217
"Sea stars",81218
"Sea stars",81219
"Sea stars",81220
"Sea stars",81221
"Sea stars",81222
"Sea stars",81223
"Sea stars",81224
"Sea stars",81225
"Sea stars",81226
"Sea stars",81227
"Sea stars",81228
"Sea stars",81229
"Sea stars",81230
"Sea stars",81231
"Sea stars",81232
"Sea stars",81233
"Sea stars",81234
"Sea stars",81235
"Sea stars",81236
"Sea stars",81237
"Sea stars",81238
"Sea stars",81239
"Sea stars",81240
"Sea stars",81241
"Sea stars",81242
"Sea stars",81243
"Sea stars",81244
"Sea stars",81245
"Sea stars",81246
"Sea stars",81247
"Sea stars",81248
"Sea stars",81249
"Sea stars",81250
"Sea stars",81251
"Sea stars",81252
"Sea stars",81253
"Sea stars",81254
"Sea stars",81255
"Sea stars",81256
"Sea stars",81257
"Sea stars",81258
"Sea stars",81259
"Sea stars",81260
"Sea stars",81261
"Sea stars",81262
"Sea stars",81263
"Sea stars",81264
"Sea stars",81265
"Sea stars",81266
"Sea stars",81267
"Sea stars",81268
"Sea stars",81269
"Sea stars",81270
"Sea stars",81271
"Sea stars",81272
"Sea stars",81273
"Sea stars",81274
"Sea stars",81275
"Sea stars",81276
"Sea stars",81277
"Sea stars",81278
"Sea stars",81279
"Sea stars",81280
"Sea stars",81281
"Sea stars",81282
"Sea stars",81283
"Sea stars",81284
"Sea stars",81285
"Sea stars",81286
"Sea stars",81287
"Sea stars",81288
"Sea stars",81289
"Sea stars",81290
"Sea stars",81291
"Sea stars",81292
"Sea stars",81293
"Sea stars",81294
"Sea stars",81295
"Sea stars",81296
"Sea stars",81297
"Sea stars",81298
"Sea stars",81299
"Sea stars",81300
"Sea stars",81301
"Sea stars",81302
"Sea stars",81303
"Sea stars",81304
"Sea stars",81305
"Sea stars",81306
"Sea stars",81307
"Sea stars",81308
"Sea stars",81309
"Sea stars",81310
"Sea stars",81311
"Sea stars",81312
"Sea stars",81313
"Sea stars",81314
"Sea stars",81315
"Sea stars",81316
"Sea stars",81317
"Sea stars",81318
"Sea stars",81319
"Sea stars",81320
"Sea stars",81321
"Sea stars",81322
"Sea stars",81323
"Sea stars",81324
"Sea stars",81325
"Sea stars",81326
"Sea stars",81327
"Sea stars",81328
"Sea stars",81329
"Sea stars",81330
"Sea stars",81331
"Sea stars",81332
"Sea stars",81333
"Sea stars",81334
"Sea stars",81335
"Sea stars",81336
"Sea stars",81337
"Sea stars",81338
"Sea stars",81339
"Sea stars",81340
"Sea stars",81341
"Sea stars",81342
"Sea stars",81343
"Sea stars",81344
"Sea stars",81345
"Sea stars",81346
"Sea stars",81347
"Sea stars",81348
"Sea stars",81349
"Sea stars",81350
"Sea stars",81351
"Sea stars",81352
"Sea stars",81353
"Sea stars",81354
"Sea stars",81355
"Sea stars",81356
"Sea stars",81357
"Sea stars",81358
"Sea stars",81359
"Sea stars",81360
"Sea stars",81361
"Sea stars",81362
"Sea stars",81363
"Sea stars",81364
"Sea stars",81365
"Sea stars",81366
"Sea stars",81367
"Sea stars",81368
"Sea stars",81369
"Sea stars",81370
"Sea stars",81371
"Sea stars",81372
"Sea stars",81373
"Sea stars",81374
"Sea stars",81375
"Sea stars",81376
"Sea stars",81377
"Sea stars",81378
"Sea stars",81379
"Sea stars",81380
"Sea stars",81381
"Sea stars",81382
"Sea stars",81383
"Sea stars",81384
"Sea stars",81385
"Sea stars",81386
"Sea stars",81387
"Sea stars",81388
"Sea stars",81389
"Sea stars",81390
"Sea stars",81391
"Sea stars",81392
"Sea stars",81393
"Sea stars",81394
"Sea stars",81395
"Sea stars",81396
"Sea stars",81397
"Sea stars",81398
"Sea stars",81399
"Sea stars",81400
"Sea stars",81401
"Sea stars",81402
"Sea stars",81403
"Sea stars",81404
"Sea stars",81405
"Sea stars",81406
"Sea stars",81407
"Sea stars",81408
"Sea stars",81409
"Sea stars",81410
"Sea stars",81411
"Sea stars",81412
"Sea stars",81413
"Sea stars",81414
"Sea stars",81415
"Sea stars",81416
"Sea stars",81417
"Sea stars",81418
"Sea stars",81419
"Sea stars",81420
"Sea stars",81421
"Sea stars",81422
"Sea stars",81423
"Sea stars",81424
"Sea stars",81425
"Sea stars",81426
"Sea stars",81427
"Sea stars",81428
"Sea stars",81429
"Sea stars",81430
"Sea stars",81431
"Sea stars",81432
"Sea stars",81433
"Sea stars",81434
"Sea stars",81435
"Sea stars",81436
"Sea stars",81437
"Sea stars",81438
"Sea stars",81439
"Sea stars",81440
"Sea stars",81441
"Sea stars",81442
"Sea stars",81443
"Sea stars",81444
"Sea stars",81445
"Sea stars",81446
"Sea stars",81447
"Sea stars",81448
"Sea stars",81449
"Sea stars",81450
"Sea stars",81451
"Sea stars",81452
"Sea stars",81453
"Sea stars",81454
"Sea stars",81455
"Sea stars",81456
"Sea stars",81457
"Sea stars",81458
"Sea stars",81459
"Sea stars",81460
"Sea stars",81461
"Sea stars",81462
"Sea stars",81463
"Sea stars",81464
"Sea stars",81465
"Sea stars",81466
"Sea stars",81467
"Sea stars",81468
"Sea stars",81469
"Sea stars",81470
"Sea stars",81471
"Sea stars",81472
"Sea stars",81473
"Sea stars",81474
"Sea stars",81475
"Sea stars",81476
"Sea stars",81477
"Sea stars",81478
"Sea stars",81479
"Sea stars",81480
"Sea stars",81481
"Sea stars",81482
"Sea stars",81483
"Sea stars",81484
"Sea stars",81485
"Sea stars",81486
"Sea stars",81487
"Sea stars",81488
"Sea stars",81489
"Sea stars",81490
"Sea stars",81491
"Sea stars",81492
"Sea stars",81493
"Sea stars",81494
"Sea stars",81495
"Sea stars",81496
"Sea stars",81497
"Sea stars",81498
"Sea stars",81499
"Sea stars",81500
"Sea stars",81501
"Sea stars",81502
"Sea stars",81503
"Sea stars",81504
"Sea stars",81505
"Sea stars",81506
"Sea stars",81507
"Sea stars",81508
"Sea stars",81509
"Sea stars",81510
"Sea stars",81511
"Sea stars",81512
"Sea stars",81513
"Sea stars",81514
"Sea stars",81515
"Sea stars",81516
"Sea stars",81517
"Sea stars",81518
"Sea stars",81519
"Sea stars",81520
"Sea stars",81521
"Sea stars",81522
"Sea stars",81523
"Sea stars",81524
"Sea stars",81525
"Sea stars",81526
"Sea stars",81527
"Sea stars",81528
"Sea stars",81529
"Sea stars",81530
"Sea stars",81531
"Sea stars",81532
"Sea stars",81533
"Sea stars",81534
"Sea stars",81535
"Sea stars",81536
"Sea stars",81537
"Sea stars",81538
"Sea stars",81539
"Sea stars",81540
"Sea stars",81541
"Sea stars",81542
"Sea stars",81543
"Sea stars",81544
"Sea stars",81545
"Sea stars",81546
"Sea stars",81547
"Sea stars",81548
"Sea stars",81549
"Sea stars",81550
"Sea stars",81551
"Sea stars",81552
"Sea stars",81553
"Sea stars",81554
"Sea stars",81555
"Sea stars",81556
"Sea stars",81557
"Sea stars",81558
"Sea stars",81559
"Sea stars",81560
"Sea stars",81561
"Sea stars",81562
"Sea stars",81563
"Sea stars",81564
"Sea stars",81565
"Sea stars",81566
"Sea stars",81567
"Sea stars",81568
"Sea stars",81569
"Sea stars",81570
"Sea stars",81571
"Sea stars",81572
"Sea stars",81573
"Sea stars",81574
"Sea stars",81575
"Sea stars",81576
"Sea stars",81577
"Sea stars",81578
"Sea stars",81579
"Sea stars",81580
"Sea stars",81581
"Sea stars",81582
"Sea stars",81583
"Sea stars",81584
"Sea stars",81585
"Sea stars",81586
"Sea stars",81587
"Sea stars",81588
"Sea stars",81589
"Sea stars",81590
"Sea stars",81591
"Sea stars",81592
"Sea stars",81593
"Sea stars",81594
"Sea stars",81595
"Sea stars",81596
"Sea stars",81597
"Sea stars",81598
"Sea stars",81599
"Sea stars",81600
"Sea stars",81601
"Sea stars",81602
"Sea stars",81603
"Sea stars",81604
"Sea stars",81605
"Sea stars",81606
"Sea stars",81607
"Sea stars",81608
"Sea stars",81609
"Sea stars",81610
"Sea stars",81611
"Sea stars",81612
"Sea stars",81613
"Sea stars",81614
"Sea stars",81615
"Sea stars",81616
"Sea stars",81617
"Sea stars",81618
"Sea stars",81619
"Sea stars",81620
"Sea stars",81621
"Sea stars",81622
"Sea stars",81623
"Sea stars",81624
"Sea stars",81625
"Sea stars",81626
"Sea stars",81627
"Sea stars",81628
"Sea stars",81629
"Sea stars",81630
"Sea stars",81631
"Sea stars",81632
"Sea stars",81633
"Sea stars",81634
"Sea stars",81635
"Sea stars",81636
"Sea stars",81637
"Sea stars",81638
"Sea stars",81639
"Sea stars",81640
"Sea stars",81641
"Sea stars",81642
"Sea stars",81643
"Sea stars",81644
"Sea stars",81645
"Sea stars",81646
"Sea stars",81647
"Sea stars",81648
"Sea stars",81649
"Sea stars",81650
"Sea stars",81651
"Sea stars",81652
"Sea stars",81653
"Sea stars",81654
"Sea stars",81655
"Sea stars",81656
"Sea stars",81657
"Sea stars",81658
"Sea stars",81659
"Sea stars",81660
"Sea stars",81661
"Sea stars",81662
"Sea stars",81663
"Sea stars",81664
"Sea stars",81665
"Sea stars",81666
"Sea stars",81667
"Sea stars",81668
"Sea stars",81669
"Sea stars",81670
"Sea stars",81671
"Sea stars",81672
"Sea stars",81673
"Sea stars",81674
"Sea stars",81675
"Sea stars",81676
"Sea stars",81677
"Sea stars",81678
"Sea stars",81679
"Sea stars",81680
"Sea stars",81681
"Sea stars",81682
"Sea stars",81683
"Sea stars",81684
"Sea stars",81685
"Sea stars",81686
"Sea stars",81687
"Sea stars",81688
"Sea stars",81689
"Sea stars",81690
"Sea stars",81691
"Sea stars",81692
"Sea stars",81693
"Sea stars",81694
"Sea stars",81695
"Sea stars",81696
"Sea stars",81697
"Sea stars",81698
"Sea stars",81699
"Sea stars",81700
"Sea stars",81701
"Sea stars",81702
"Sea stars",81703
"Sea stars",81704
"Sea stars",81705
"Sea stars",81706
"Sea stars",81707
"Sea stars",81708
"Sea stars",81709
"Sea stars",81710
"Sea stars",81711
"Sea stars",81712
"Sea stars",81713
"Sea stars",81714
"Sea stars",81715
"Sea stars",81716
"Sea stars",81717
"Sea stars",81718
"Sea stars",81719
"Sea stars",81720
"Sea stars",81721
"Sea stars",81722
"Sea stars",81723
"Sea stars",81724
"Sea stars",81725
"Sea stars",81726
"Sea stars",81727
"Sea stars",81728
"Sea stars",81729
"Sea stars",81730
"Sea stars",81731
"Sea stars",81732
"Sea stars",81733
"Sea stars",81734
"Sea stars",81735
"Sea stars",81736
"Sea stars",81737
"Sea stars",81738
"Sea stars",81739
"Sea stars",81740
"Sea stars",81741
"Sea stars",81742
"Sea stars",81743
"Sea stars",81744
"Sea stars",81745
"Sea stars",81746
"Sea stars",81747
"Sea stars",81748
"Sea stars",81749
"Sea stars",81750
"Sea stars",81751
"Sea stars",81752
"Sea stars",81753
"Sea stars",81754
"Sea stars",81755
"Sea stars",81756
"Sea stars",81757
"Sea stars",81758
"Sea stars",81759
"Sea stars",81760
"Sea stars",81761
"Sea stars",81762
"Sea stars",81763
"Sea stars",81764
"Sea stars",81765
"Sea stars",81766
"Sea stars",81767
"Sea stars",81768
"Sea stars",81769
"Sea stars",81770
"Sea stars",81771
"Sea stars",81772
"Sea stars",81773
"Sea stars",81774
"Sea stars",81775
"Sea stars",81776
"Sea stars",81777
"Sea stars",81778
"Sea stars",81779
"Sea stars",81780
"Sea stars",81781
"Sea stars",81782
"Sea stars",81783
"Sea stars",81784
"Sea stars",81785
"Sea stars",81786
"Sea stars",81787
"Sea stars",81788
"Sea stars",81789
"Sea stars",81790
"Sea stars",81791
"Sea stars",81792
"Sea stars",81793
"Sea stars",81794
"Sea stars",81795
"Sea stars",81796
"Sea stars",81797
"Sea stars",81798
"Sea stars",81799
"Sea stars",81800
"Sea stars",81801
"Sea stars",81802
"Sea stars",81803
"Sea stars",81804
"Sea stars",81805
"Sea stars",81806
"Sea stars",81807
"Sea stars",81808
"Sea stars",81809
"Sea stars",81810
"Sea stars",81811
"Sea stars",81812
"Sea stars",81813
"Sea stars",81814
"Sea stars",81815
"Sea stars",81816
"Sea stars",81817
"Sea stars",81818
"Sea stars",81819
"Sea stars",81820
"Sea stars",81821
"Sea stars",81822
"Sea stars",81823
"Sea stars",81824
"Sea stars",81825
"Sea stars",81826
"Sea stars",81827
"Sea stars",81828
"Sea stars",81829
"Sea stars",81830
"Sea stars",81831
"Sea stars",81832
"Sea stars",81833
"Sea stars",81834
"Sea stars",81835
"Sea stars",81836
"Sea stars",81837
"Sea stars",81838
"Sea stars",81839
"Sea stars",81840
"Sea stars",81841
"Sea stars",81842
"Sea stars",81843
"Sea stars",81844
"Sea stars",81845
"Sea stars",81846
"Sea stars",81847
"Sea stars",81848
"Sea stars",81849
"Sea stars",81850
"Sea stars",81851
"Sea stars",81852
"Sea stars",81853
"Sea stars",81854
"Sea stars",81855
"Sea stars",81856
"Sea stars",81857
"Sea stars",81858
"Sea stars",81859
"Sea stars",81860
"Sea stars",81861
"Sea stars",81862
"Sea stars",81863
"Sea stars",81864
"Sea stars",81865
"Sea stars",81866
"Sea stars",81867
"Sea stars",81868
"Sea stars",81869
"Sea stars",81870
"Sea stars",81871
"Sea stars",81872
"Sea stars",81873
"Sea stars",81874
"Sea stars",81875
"Sea stars",81876
"Sea stars",81877
"Sea stars",81878
"Sea stars",81879
"Sea stars",81880
"Sea stars",81881
"Sea stars",81882
"Sea stars",81883
"Sea stars",81884
"Sea stars",81885
"Sea stars",81886
"Sea stars",81887
"Sea stars",81888
"Sea stars",81889
"Sea stars",81890
"Sea stars",81891
"Sea stars",81892
"Sea stars",81893
"Sea stars",81894
"Sea stars",81895
"Sea stars",81896
"Sea stars",81897
"Sea stars",81898
"Sea stars",81899
"Sea stars",81900
"Sea stars",81901
"Sea stars",81902
"Sea stars",81903
"Sea stars",81904
"Sea stars",81905
"Sea stars",81906
"Sea stars",81907
"Sea stars",81908
"Sea stars",81909
"Sea stars",81910
"Sea stars",81911
"Sea stars",81912
"Sea stars",81913
"Sea stars",81914
"Sea stars",81915
"Sea stars",81916
"Sea stars",81917
"Sea stars",81918
"Sea stars",81919
"Sea stars",81920
"Sea stars",81921
"Sea stars",81922
"Sea stars",81923
"Sea stars",81924
"Sea stars",81925
"Sea stars",81926
"Sea stars",81927
"Sea stars",81928
"Sea stars",81929
"Sea stars",81930
"Sea stars",81931
"Sea stars",81932
"Sea stars",81933
"Sea stars",81934
"Sea stars",81935
"Sea stars",81936
"Sea stars",81937
"Sea stars",81938
"Sea stars",81939
"Sea stars",81940
"Sea stars",81941
"Sea stars",81942
"Sea stars",81943
"Sea stars",81944
"Sea stars",81945
"Sea stars",81946
"Sea stars",81947
"Sea stars",81948
"Sea stars",81949
"Sea stars",81950
"Sea stars",81951
"Sea stars",81952
"Sea stars",81953
"Sea stars",81954
"Sea stars",81955
"Sea stars",81956
"Sea stars",81957
"Sea stars",81958
"Sea stars",81959
"Sea stars",81960
"Sea stars",81961
"Sea stars",81962
"Sea stars",81963
"Sea stars",81964
"Sea stars",81965
"Sea stars",81966
"Sea stars",81967
"Sea stars",81968
"Sea stars",81969
"Sea stars",81970
"Sea stars",81971
"Sea stars",81972
"Sea stars",81973
"Sea stars",81974
"Sea stars",81975
"Sea stars",81976
"Sea stars",81977
"Sea stars",81978
"Sea stars",81979
"Sea stars",81980
"Sea stars",81981
"Sea stars",81982
"Sea stars",81983
"Sea stars",81984
"Sea stars",81985
"Sea stars",81986
"Sea stars",81987
"Sea stars",81988
"Sea stars",81989
"Sea stars",81990
"Sea stars",81991
"Sea stars",81992
"Sea stars",81993
"Sea stars",81994
"Sea stars",81995
"Sea stars",81996
"Sea stars",81997
"Sea stars",81998
"Sea stars",81999
"Sea stars",82000
"Sea stars",82001
"Sea stars",82002
"Sea stars",82003
"Sea stars",82004
"Sea stars",82005
"Sea stars",82006
"Sea stars",82007
"Sea stars",82008
"Sea stars",82009
"Sea stars",82010
"Sea stars",82011
"Sea stars",82012
"Sea stars",82013
"Sea stars",82014
"Sea stars",82015
"Sea stars",82016
"Sea stars",82017
"Sea stars",82018
"Sea stars",82019
"Sea stars",82020
"Sea stars",82021
"Sea stars",82022
"Sea stars",82023
"Sea stars",82024
"Sea stars",82025
"Sea stars",82026
"Sea stars",82027
"Sea stars",82028
"Sea stars",82029
"Sea stars",82030
"Sea stars",82031
"Sea stars",82032
"Sea stars",82033
"Sea stars",82034
"Sea stars",82035
"Sea stars",82036
"Sea stars",82037
"Sea stars",82038
"Sea stars",82039
"Sea stars",82040
"Sea stars",82041
"Sea stars",82042
"Sea stars",82043
"Sea stars",82044
"Sea stars",82045
"Sea stars",82046
"Sea stars",82047
"Sea stars",82048
"Sea stars",82049
"Sea stars",82050
"Sea stars",82051
"Sea stars",82052
"Sea stars",82053
"Sea stars",82054
"Sea stars",82055
"Sea stars",82056
"Sea stars",82057
"Sea stars",82058
"Sea stars",82059
"Sea stars",82060
"Sea stars",82061
"Sea stars",82062
"Sea stars",82063
"Sea stars",82064
"Sea stars",82065
"Sea stars",82066
"Sea stars",82067
"Sea stars",82068
"Sea stars",82069
"Sea stars",82070
"Sea stars",82071
"Sea stars",82072
"Sea stars",82073
"Sea stars",82074
"Sea stars",82075
"Sea stars",82076
"Sea stars",82077
"Sea stars",82078
"Sea stars",82079
"Sea stars",82080
"Sea stars",82081
"Sea stars",82082
"Sea stars",82083
"Sea stars",82084
"Sea stars",82085
"Sea stars",82086
"Sea stars",82087
"Sea stars",82088
"Sea stars",82089
"Sea stars",82090
"Sea stars",82091
"Sea stars",82092
"Sea stars",82093
"Sea stars",82094
"Sea stars",82095
"Sea stars",82096
"Sea stars",82097
"Sea stars",82098
"Sea stars",82099
"Sea stars",82100
"Sea stars",82101
"Sea stars",82102
"Sea stars",82103
"Sea stars",82104
"Sea stars",82105
"Sea stars",82106
"Sea stars",82107
"Sea stars",82108
"Sea stars",82109
"Sea stars",82110
"Sea stars",82111
"Sea stars",82112
"Sea stars",82113
"Sea stars",82114
"Sea stars",82115
"Sea stars",82116
"Sea stars",82117
"Sea stars",82118
"Sea stars",82119
"Sea stars",82120
"Sea stars",82121
"Sea stars",82122
"Sea stars",82123
"Sea stars",82124
"Sea stars",82125
"Sea stars",82126
"Sea stars",82127
"Sea stars",82128
"Sea stars",82129
"Sea stars",82130
"Sea stars",82131
"Sea stars",82132
"Sea stars",82133
"Sea stars",82134
"Sea stars",82135
"Sea stars",82136
"Sea stars",82137
"Sea stars",82138
"Sea stars",82139
"Sea stars",82140
"Sea stars",82141
"Sea stars",82142
"Sea stars",82143
"Sea stars",82144
"Sea stars",82145
"Sea stars",82146
"Sea stars",82147
"Sea stars",82148
"Sea stars",82149
"Sea stars",82150
"Sea stars",82151
"Sea stars",82152
"Sea stars",82153
"Sea stars",82154
"Sea stars",82155
"Sea stars",82156
"Sea stars",82157
"Sea stars",82158
"Sea stars",82159
"Sea stars",82160
"Sea stars",82161
"Sea stars",82162
"Sea stars",82163
"Sea stars",82164
"Sea stars",82165
"Sea stars",82166
"Sea stars",82167
"Sea stars",82168
"Sea stars",82169
"Sea stars",82170
"Sea stars",82171
"Sea stars",82172
"Sea stars",82173
"Sea stars",82174
"Sea stars",82175
"Sea stars",82176
"Sea stars",82177
"Sea stars",82178
"Sea stars",82179
"Sea stars",82180
"Sea stars",82181
"Sea stars",82182
"Sea stars",82183
"Sea stars",82184
"Sea stars",82185
"Sea stars",82186
"Sea stars",82187
"Sea stars",82188
"Sea stars",82189
"Sea stars",82190
"Sea stars",82191
"Sea stars",82192
"Sea stars",82193
"Sea stars",82194
"Sea stars",82195
"Sea stars",82196
"Sea stars",82197
"Sea stars",82198
"Sea stars",82199
"Sea stars",82200
"Sea stars",82201
"Sea stars",82202
"Sea stars",82203
"Sea stars",82204
"Sea stars",82205
"Sea stars",82206
"Sea stars",82207
"Sea stars",82208
"Sea stars",82209
"Sea stars",82210
"Sea stars",82211
"Sea stars",82212
"Sea stars",82213
"Sea stars",82214
"Sea stars",82215
"Sea stars",82216
"Sea stars",82217
"Sea stars",82218
"Sea stars",82219
"Sea stars",82220
"Sea stars",82221
"Sea stars",82222
"Sea stars",82223
"Sea stars",82224
"Sea stars",82225
"Sea stars",82226
"Sea stars",82227
"Sea stars",82228
"Sea stars",82229
"Sea stars",82230
"Sea stars",82231
"Sea stars",82232
"Sea stars",82233
"Sea stars",82234
"Sea stars",82235
"Sea stars",82236
"Sea stars",82237
"Sea stars",82238
"Sea stars",82239
"Sea stars",82240
"Sea stars",82241
"Sea stars",82242
"Sea stars",82243
"Sea stars",82244
"Sea stars",82245
"Sea stars",82246
"Sea stars",82247
"Sea stars",82248
"Sea stars",82249
"Sea stars",82250
"Sea stars",82251
"Sea stars",82252
"Sea stars",82253
"Sea stars",82254
"Sea stars",82255
"Sea stars",82256
"Sea stars",82257
"Sea stars",82258
"Sea stars",82259
"Sea stars",82260
"Sea stars",82261
"Sea stars",82262
"Sea stars",82263
"Sea stars",82264
"Sea stars",82265
"Sea stars",82266
"Sea stars",82267
"Sea stars",82268
"Sea stars",82269
"Sea stars",82270
"Sea stars",82271
"Sea stars",82272
"Sea stars",82273
"Sea stars",82274
"Sea stars",82275
"Sea stars",82276
"Sea stars",82277
"Sea stars",82278
"Sea stars",82279
"Sea stars",82280
"Sea stars",82281
"Sea stars",82282
"Sea stars",82283
"Sea stars",82284
"Sea stars",82285
"Sea stars",82286
"Sea stars",82287
"Sea stars",82288
"Sea stars",82289
"Sea stars",82290
"Sea stars",82291
"Sea stars",82292
"Sea stars",82293
"Sea stars",82294
"Sea stars",82295
"Sea stars",82296
"Sea stars",82297
"Sea stars",82298
"Sea stars",82299
"Sea stars",82300
"Sea stars",82301
"Sea stars",82302
"Sea stars",82303
"Sea stars",82304
"Sea stars",82305
"Sea stars",82306
"Sea stars",82307
"Sea stars",82308
"Sea stars",82309
"Sea stars",82310
"Sea stars",82311
"Sea stars",82312
"Sea stars",82313
"Sea stars",82314
"Sea stars",82315
"Sea stars",82316
"Sea stars",82317
"Sea stars",82318
"Sea stars",82319
"Sea stars",82320
"Sea stars",82321
"Sea stars",82322
"Sea stars",82323
"Sea stars",82324
"Sea stars",82325
"Sea stars",82326
"Sea stars",82327
"Sea stars",82328
"Sea stars",82329
"Sea stars",82330
"Sea stars",82331
"Sea stars",82332
"Sea stars",82333
"Sea stars",82334
"Sea stars",82335
"Sea stars",82336
"Sea stars",82337
"Sea stars",82338
"Sea stars",82339
"Sea stars",82340
"Sea stars",82341
"Sea stars",82342
"Sea stars",82343
"Sea stars",82344
"Sea stars",82345
"Sea stars",82346
"Sea stars",82347
"Sea stars",82348
"Sea stars",82349
"Sea stars",82350
"Sea stars",82351
"Sea stars",82352
"Sea stars",82353
"Sea stars",82354
"Sea stars",82355
"Sea stars",82356
"Sea stars",82357
"Sea stars",82358
"Sea stars",82359
"Sea stars",82360
"Sea stars",82361
"Sea stars",82362
"Sea stars",82363
"Sea stars",82364
"Sea stars",82365
"Sea stars",82366
"Sea stars",82367
"Sea stars",82368
"Sea stars",82369
"Sea stars",82370
"Sea stars",82371
"Sea stars",82372
"Sea stars",82373
"Sea stars",82374
"Sea stars",82375
"Sea stars",82376
"Sea stars",82377
"Sea stars",82378
"Sea stars",82379
"Sea stars",82380
"Sea stars",82381
"Sea stars",82382
"Sea stars",82383
"Sea stars",82384
"Sea stars",82385
"Sea stars",82386
"Sea stars",82387
"Sea stars",82388
"Sea stars",82389
"Sea stars",82390
"Sea stars",82391
"Sea stars",82392
"Sea stars",82393
"Sea stars",82394
"Sea stars",82395
"Sea stars",82396
"Sea stars",82397
"Sea stars",82398
"Sea stars",82399
"Sea stars",82400
"Sea stars",82401
"Sea stars",82402
"Sea stars",82403
"Sea stars",82404
"Sea stars",82405
"Sea stars",82406
"Sea stars",82407
"Sea stars",82408
"Sea stars",82409
"Sea stars",82410
"Sea stars",82411
"Sea stars",82412
"Sea stars",82413
"Sea stars",82414
"Sea stars",82415
"Sea stars",82416
"Sea stars",82417
"Sea stars",82418
"Sea stars",82419
"Sea stars",82420
"Sea stars",82421
"Sea stars",82422
"Sea stars",82423
"Sea stars",82424
"Sea stars",82425
"Sea stars",82426
"Sea stars",82427
"Sea stars",82428
"Sea stars",82429
"Sea stars",82430
"Sea stars",82431
"Sea stars",82432
"Sea stars",82433
"Sea stars",82434
"Sea stars",82435
"Sea stars",82436
"Sea stars",82437
"Sea stars",82438
"Sea stars",82439
"Sea stars",82440
"Sea stars",82441
"Sea stars",82442
"Sea stars",82443
"Sea stars",82444
"Sea stars",82445
"Sea stars",82446
"Sea stars",82447
"Sea stars",82448
"Sea stars",82449
"Sea stars",82450
"Sea stars",82451
"Sea stars",82452
"Sea stars",82453
"Sea stars",82454
"Sea stars",82455
"Sea stars",82456
"Sea stars",82457
"Sea stars",82458
"Sea stars",82459
"Sea stars",82460
"Sea stars",82461
"Sea stars",82462
"Sea stars",82463
"Sea stars",82464
"Sea stars",82465
"Sea stars",82466
"Sea stars",82467
"Sea stars",82468
"Sea stars",82469
"Sea stars",82470
"Sea stars",82471
"Sea stars",82472
"Sea stars",82473
"Sea stars",82474
"Sea stars",82475
"Sea stars",82476
"Sea stars",82477
"Sea stars",82478
"Sea stars",82479
"Sea stars",82480
"Sea stars",82481
"Sea stars",82482
"Sea stars",82483
"Sea stars",82484
"Sea stars",82485
"Sea stars",82486
"Sea stars",82487
"Sea stars",82488
"Sea stars",82489
"Sea stars",82490
"Sea stars",82491
"Sea stars",82492
"Sea stars",82493
"Sea stars",82494
"Sea stars",82495
"Sea stars",82496
"Sea stars",82497
"Sea stars",82498
"Sea stars",82499
"Sea stars",83000
"Sea stars",83001
"Sea stars",83002
"Sea stars",83003
"Sea stars",83004
"Sea stars",83005
"Sea stars",83006
"Sea stars",83007
"Sea stars",83008
"Sea stars",83009
"Sea stars",83010
"Sea stars",83011
"Sea stars",83012
"Sea stars",83013
"Sea stars",83014
"Sea stars",83015
"Sea stars",83016
"Sea stars",83017
"Sea stars",83018
"Sea stars",83019
"Sea stars",83020
"Sea stars",83021
"Sea stars",83022
"Sea stars",83023
"Sea stars",83024
"Sea stars",83025
"Sea stars",83026
"Sea stars",83027
"Sea stars",83028
"Sea stars",83029
"Sea stars",83030
"Sea stars",83031
"Sea stars",83032
"Sea stars",83033
"Sea stars",83034
"Sea stars",83035
"Sea stars",83036
"Sea stars",83037
"Sea stars",83038
"Sea stars",83039
"Sea stars",83040
"Sea stars",83041
"Sea stars",83042
"Sea stars",83043
"Sea stars",83044
"Sea stars",83045
"Sea stars",83046
"Sea stars",83047
"Sea stars",83048
"Sea stars",83049
"Sea stars",83050
"Sea stars",83051
"Sea stars",83052
"Sea stars",83053
"Sea stars",83054
"Sea stars",83055
"Sea stars",83056
"Sea stars",83057
"Sea stars",83058
"Sea stars",83059
"Sea stars",83060
"Sea stars",83061
"Sea stars",83062
"Sea stars",83063
"Sea stars",83064
"Sea stars",83065
"Sea stars",83066
"Sea stars",83067
"Sea stars",83068
"Sea stars",83069
"Sea stars",83070
"Sea stars",83071
"Sea stars",83072
"Sea stars",83073
"Sea stars",83074
"Sea stars",83075
"Sea stars",83076
"Sea stars",83077
"Sea stars",83078
"Sea stars",83079
"Sea stars",83080
"Sea stars",83081
"Sea stars",83082
"Sea stars",83083
"Sea stars",83084
"Sea stars",83085
"Sea stars",83086
"Sea stars",83087
"Sea stars",83088
"Sea stars",83089
"Sea stars",83090
"Sea stars",83091
"Sea stars",83092
"Sea stars",83093
"Sea stars",83094
"Sea stars",83095
"Sea stars",83096
"Sea stars",83097
"Sea stars",83098
"Sea stars",83099
"Sea stars",83100
"Sea stars",83101
"Sea stars",83102
"Sea stars",83103
"Sea stars",83104
"Sea stars",83105
"Sea stars",83106
"Sea stars",83107
"Sea stars",83108
"Sea stars",83109
"Sea stars",83110
"Sea stars",83111
"Sea stars",83112
"Sea stars",83113
"Sea stars",83114
"Sea stars",83115
"Sea stars",83116
"Sea stars",83117
"Sea stars",83118
"Sea stars",83119
"Sea stars",83120
"Sea stars",83121
"Sea stars",83122
"Sea stars",83123
"Sea stars",83124
"Sea stars",83125
"Sea stars",83126
"Sea stars",83127
"Sea stars",83128
"Sea stars",83129
"Sea stars",83130
"Sea stars",83131
"Sea stars",83132
"Sea stars",83133
"Sea stars",83134
"Sea stars",83135
"Sea stars",83136
"Sea stars",83137
"Sea stars",83138
"Sea stars",83139
"Sea stars",83140
"Sea stars",83141
"Sea stars",83142
"Sea stars",83143
"Sea stars",83144
"Sea stars",83145
"Sea stars",83146
"Sea stars",83147
"Sea stars",83148
"Sea stars",83149
"Sea stars",83150
"Sea stars",83151
"Sea stars",83152
"Sea stars",83153
"Sea stars",83154
"Sea stars",83155
"Sea stars",83156
"Sea stars",83157
"Sea stars",83158
"Sea stars",83159
"Sea stars",83160
"Sea stars",83161
"Sea stars",83162
"Sea stars",83163
"Sea stars",83164
"Sea stars",83165
"Sea stars",83166
"Sea stars",83167
"Sea stars",83168
"Sea stars",83169
"Sea stars",83170
"Sea stars",83171
"Sea stars",83172
"Sea stars",83173
"Sea stars",83174
"Sea stars",83175
"Sea stars",83176
"Sea stars",83177
"Sea stars",83178
"Sea stars",83179
"Sea stars",83180
"Sea stars",83181
"Sea stars",83182
"Sea stars",83183
"Sea stars",83184
"Sea stars",83185
"Sea stars",83186
"Sea stars",83187
"Sea stars",83188
"Sea stars",83189
"Sea stars",83190
"Sea stars",83191
"Sea stars",83192
"Sea stars",83193
"Sea stars",83194
"Sea stars",83195
"Sea stars",83196
"Sea stars",83197
"Sea stars",83198
"Sea stars",83199
"Sea stars",83200
"Sea stars",83201
"Sea stars",83202
"Sea stars",83203
"Sea stars",83204
"Sea stars",83205
"Sea stars",83206
"Sea stars",83207
"Sea stars",83208
"Sea stars",83209
"Sea stars",83210
"Sea stars",83211
"Sea stars",83212
"Sea stars",83213
"Sea stars",83214
"Sea stars",83215
"Sea stars",83216
"Sea stars",83217
"Sea stars",83218
"Sea stars",83219
"Sea stars",83220
"Sea stars",83221
"Sea stars",83222
"Sea stars",83223
"Sea stars",83224
"Sea stars",83225
"Sea stars",83226
"Sea stars",83227
"Sea stars",83228
"Sea stars",83229
"Sea stars",83230
"Sea stars",83231
"Sea stars",83232
"Sea stars",83233
"Sea stars",83234
"Sea stars",83235
"Sea stars",83236
"Sea stars",83237
"Sea stars",83238
"Sea stars",83239
"Sea stars",83240
"Sea stars",83241
"Sea stars",83242
"Sea stars",83243
"Sea stars",83244
"Sea stars",83245
"Sea stars",83246
"Sea stars",83247
"Sea stars",83248
"Sea stars",83249
"Sea stars",83250
"Sea stars",83251
"Sea stars",83252
"Sea stars",83253
"Sea stars",83254
"Sea stars",83255
"Sea stars",83256
"Sea stars",83257
"Sea stars",83258
"Sea stars",83259
"Sea stars",83260
"Sea stars",83261
"Sea stars",83262
"Sea stars",83263
"Sea stars",83264
"Sea stars",83265
"Sea stars",83266
"Sea stars",83267
"Sea stars",83268
"Sea stars",83269
"Sea stars",83270
"Sea stars",83271
"Sea stars",83272
"Sea stars",83273
"Sea stars",83274
"Sea stars",83275
"Sea stars",83276
"Sea stars",83277
"Sea stars",83278
"Sea stars",83279
"Sea stars",83280
"Sea stars",83281
"Sea stars",83282
"Sea stars",83283
"Sea stars",83284
"Sea stars",83285
"Sea stars",83286
"Sea stars",83287
"Sea stars",83288
"Sea stars",83289
"Sea stars",83290
"Sea stars",83291
"Sea stars",83292
"Sea stars",83293
"Sea stars",83294
"Sea stars",83295
"Sea stars",83296
"Sea stars",83297
"Sea stars",83298
"Sea stars",83299
"Sea stars",83300
"Sea stars",83301
"Sea stars",83302
"Sea stars",83303
"Sea stars",83304
"Sea stars",83305
"Sea stars",83306
"Sea stars",83307
"Sea stars",83308
"Sea stars",83309
"Sea stars",83310
"Sea stars",83311
"Sea stars",83312
"Sea stars",83313
"Sea stars",83314
"Sea stars",83315
"Sea stars",83316
"Sea stars",83317
"Sea stars",83318
"Sea stars",83319
"Sea stars",83320
"Sea stars",83321
"Sea stars",83322
"Sea stars",83323
"Sea stars",83324
"Sea stars",83325
"Sea stars",83326
"Sea stars",83327
"Sea stars",83328
"Sea stars",83329
"Sea stars",83330
"Sea stars",83331
"Sea stars",83332
"Sea stars",83333
"Sea stars",83334
"Sea stars",83335
"Sea stars",83336
"Sea stars",83337
"Sea stars",83338
"Sea stars",83339
"Sea stars",83340
"Sea stars",83341
"Sea stars",83342
"Sea stars",83343
"Sea stars",83344
"Sea stars",83345
"Sea stars",83346
"Sea stars",83347
"Sea stars",83348
"Sea stars",83349
"Sea stars",83350
"Sea stars",83351
"Sea stars",83352
"Sea stars",83353
"Sea stars",83354
"Sea stars",83355
"Sea stars",83356
"Sea stars",83357
"Sea stars",83358
"Sea stars",83359
"Sea stars",83360
"Sea stars",83361
"Sea stars",83362
"Sea stars",83363
"Sea stars",83364
"Sea stars",83365
"Sea stars",83366
"Sea stars",83367
"Sea stars",83368
"Sea stars",83369
"Sea stars",83370
"Sea stars",83371
"Sea stars",83372
"Sea stars",83373
"Sea stars",83374
"Sea stars",83375
"Sea stars",83376
"Sea stars",83377
"Sea stars",83378
"Sea stars",83379
"Sea stars",83380
"Sea stars",83381
"Sea stars",83382
"Sea stars",83383
"Sea stars",83384
"Sea stars",83385
"Sea stars",83386
"Sea stars",83387
"Sea stars",83388
"Sea stars",83389
"Sea stars",83390
"Sea stars",83391
"Sea stars",83392
"Sea stars",83393
"Sea stars",83394
"Sea stars",83395
"Sea stars",83396
"Sea stars",83397
"Sea stars",83398
"Sea stars",83399
"Sea stars",83400
"Sea stars",83401
"Sea stars",83402
"Sea stars",83403
"Sea stars",83404
"Sea stars",83405
"Sea stars",83406
"Sea stars",83407
"Sea stars",83408
"Sea stars",83409
"Sea stars",83410
"Sea stars",83411
"Sea stars",83412
"Sea stars",83413
"Sea stars",83414
"Sea stars",83415
"Sea stars",83416
"Sea stars",83417
"Sea stars",83418
"Sea stars",83419
"Sea stars",83420
"Sea stars",83421
"Sea stars",83422
"Sea stars",83423
"Sea stars",83424
"Sea stars",83425
"Sea stars",83426
"Sea stars",83427
"Sea stars",83428
"Sea stars",83429
"Sea stars",83430
"Sea stars",83431
"Sea stars",83432
"Sea stars",83433
"Sea stars",83434
"Sea stars",83435
"Sea stars",83436
"Sea stars",83437
"Sea stars",83438
"Sea stars",83439
"Sea stars",83440
"Sea stars",83441
"Sea stars",83442
"Sea stars",83443
"Sea stars",83444
"Sea stars",83445
"Sea stars",83446
"Sea stars",83447
"Sea stars",83448
"Sea stars",83449
"Sea stars",83450
"Sea stars",83451
"Sea stars",83452
"Sea stars",83453
"Sea stars",83454
"Sea stars",83455
"Sea stars",83456
"Sea stars",83457
"Sea stars",83458
"Sea stars",83459
"Sea stars",83460
"Sea stars",83461
"Sea stars",83462
"Sea stars",83463
"Sea stars",83464
"Sea stars",83465
"Sea stars",83466
"Sea stars",83467
"Sea stars",83468
"Sea stars",83469
"Sea stars",83470
"Sea stars",83471
"Sea stars",83472
"Sea stars",83473
"Sea stars",83474
"Sea stars",83475
"Sea stars",83476
"Sea stars",83477
"Sea stars",83478
"Sea stars",83479
"Sea stars",83480
"Sea stars",83481
"Sea stars",83482
"Sea stars",83483
"Sea stars",83484
"Sea stars",83485
"Sea stars",83486
"Sea stars",83487
"Sea stars",83488
"Sea stars",83489
"Sea stars",83490
"Sea stars",83491
"Sea stars",83492
"Sea stars",83493
"Sea stars",83494
"Sea stars",83495
"Sea stars",83496
"Sea stars",83497
"Sea stars",83498
"Sea stars",83499
"Sea stars",83500
"Sea stars",83501
"Sea stars",83502
"Sea stars",83503
"Sea stars",83504
"Sea stars",83505
"Sea stars",83506
"Sea stars",83507
"Sea stars",83508
"Sea stars",83509
"Sea stars",83510
"Sea stars",83511
"Sea stars",83512
"Sea stars",83513
"Sea stars",83514
"Sea stars",83515
"Sea stars",83516
"Sea stars",83517
"Sea stars",83518
"Sea stars",83519
"Sea stars",83520
"Sea stars",83521
"Sea stars",83522
"Sea stars",83523
"Sea stars",83524
"Sea stars",83525
"Sea stars",83526
"Sea stars",83527
"Sea stars",83528
"Sea stars",83529
"Sea stars",83530
"Sea stars",83531
"Sea stars",83532
"Sea stars",83533
"Sea stars",83534
"Sea stars",83535
"Sea stars",83536
"Sea stars",83537
"Sea stars",83538
"Sea stars",83539
"Sea stars",83540
"Sea stars",83541
"Sea stars",83542
"Sea stars",83543
"Sea stars",83544
"Sea stars",83545
"Sea stars",83546
"Sea stars",83547
"Sea stars",83548
"Sea stars",83549
"Sea stars",83550
"Sea stars",83551
"Sea stars",83552
"Sea stars",83553
"Sea stars",83554
"Sea stars",83555
"Sea stars",83556
"Sea stars",83557
"Sea stars",83558
"Sea stars",83559
"Sea stars",83560
"Sea stars",83561
"Sea stars",83562
"Sea stars",83563
"Sea stars",83564
"Sea stars",83565
"Sea stars",83566
"Sea stars",83567
"Sea stars",83568
"Sea stars",83569
"Sea stars",83570
"Sea stars",83571
"Sea stars",83572
"Sea stars",83573
"Sea stars",83574
"Sea stars",83575
"Sea stars",83576
"Sea stars",83577
"Sea stars",83578
"Sea stars",83579
"Sea stars",83580
"Sea stars",83581
"Sea stars",83582
"Sea stars",83583
"Sea stars",83584
"Sea stars",83585
"Sea stars",83586
"Sea stars",83587
"Sea stars",83588
"Sea stars",83589
"Sea stars",83590
"Sea stars",83591
"Sea stars",83592
"Sea stars",83593
"Sea stars",83594
"Sea stars",83595
"Sea stars",83596
"Sea stars",83597
"Sea stars",83598
"Sea stars",83599
"Sea stars",83600
"Sea stars",83601
"Sea stars",83602
"Sea stars",83603
"Sea stars",83604
"Sea stars",83605
"Sea stars",83606
"Sea stars",83607
"Sea stars",83608
"Sea stars",83609
"Sea stars",83610
"Sea stars",83611
"Sea stars",83612
"Sea stars",83613
"Sea stars",83614
"Sea stars",83615
"Sea stars",83616
"Sea stars",83617
"Sea stars",83618
"Sea stars",83619
"Sea stars",83620
"Sea stars",83621
"Sea stars",83622
"Sea stars",83623
"Sea stars",83624
"Sea stars",83625
"Sea stars",83626
"Sea stars",83627
"Sea stars",83628
"Sea stars",83629
"Sea stars",83630
"Sea stars",83631
"Sea stars",83632
"Sea stars",83633
"Sea stars",83634
"Sea stars",83635
"Sea stars",83636
"Sea stars",83637
"Sea stars",83638
"Sea stars",83639
"Sea stars",83640
"Sea stars",83641
"Sea stars",83642
"Sea stars",83643
"Sea stars",83644
"Sea stars",83645
"Sea stars",83646
"Sea stars",83647
"Sea stars",83648
"Sea stars",83649
"Sea stars",83650
"Sea stars",83651
"Sea stars",83652
"Sea stars",83653
"Sea stars",83654
"Sea stars",83655
"Sea stars",83656
"Sea stars",83657
"Sea stars",83658
"Sea stars",83659
"Sea stars",83660
"Sea stars",83661
"Sea stars",83662
"Sea stars",83663
"Sea stars",83664
"Sea stars",83665
"Sea stars",83666
"Sea stars",83667
"Sea stars",83668
"Sea stars",83669
"Sea stars",83670
"Sea stars",83671
"Sea stars",83672
"Sea stars",83673
"Sea stars",83674
"Sea stars",83675
"Sea stars",83676
"Sea stars",83677
"Sea stars",83678
"Sea stars",83679
"Sea stars",83680
"Sea stars",83681
"Sea stars",83682
"Sea stars",83683
"Sea stars",83684
"Sea stars",83685
"Sea stars",83686
"Sea stars",83687
"Sea stars",83688
"Sea stars",83689
"Sea stars",83690
"Sea stars",83691
"Sea stars",83692
"Sea stars",83693
"Sea stars",83694
"Sea stars",83695
"Sea stars",83696
"Sea stars",83697
"Sea stars",83698
"Sea stars",83699
"Sea stars",83700
"Sea stars",83701
"Sea stars",83702
"Sea stars",83703
"Sea stars",83704
"Sea stars",83705
"Sea stars",83706
"Sea stars",83707
"Sea stars",83708
"Sea stars",83709
"Sea stars",83710
"Sea stars",83711
"Sea stars",83712
"Sea stars",83713
"Sea stars",83714
"Sea stars",83715
"Sea stars",83716
"Sea stars",83717
"Sea stars",83718
"Sea stars",83719
"Sea stars",83720
"Sea stars",83721
"Sea stars",83722
"Sea stars",83723
"Sea stars",83724
"Sea stars",83725
"Sea stars",83726
"Sea stars",83727
"Sea stars",83728
"Sea stars",83729
"Sea stars",83730
"Sea stars",83731
"Sea stars",83732
"Sea stars",83733
"Sea stars",83734
"Sea stars",83735
"Sea stars",83736
"Sea stars",83737
"Sea stars",83738
"Sea stars",83739
"Sea stars",83740
"Sea stars",83741
"Sea stars",83742
"Sea stars",83743
"Sea stars",83744
"Sea stars",83745
"Sea stars",83746
"Sea stars",83747
"Sea stars",83748
"Sea stars",83749
"Sea stars",83750
"Sea stars",83751
"Sea stars",83752
"Sea stars",83753
"Sea stars",83754
"Sea stars",83755
"Sea stars",83756
"Sea stars",83757
"Sea stars",83758
"Sea stars",83759
"Sea stars",83760
"Sea stars",83761
"Sea stars",83762
"Sea stars",83763
"Sea stars",83764
"Sea stars",83765
"Sea stars",83766
"Sea stars",83767
"Sea stars",83768
"Sea stars",83769
"Sea stars",83770
"Sea stars",83771
"Sea stars",83772
"Sea stars",83773
"Sea stars",83774
"Sea stars",83775
"Sea stars",83776
"Sea stars",83777
"Sea stars",83778
"Sea stars",83779
"Sea stars",83780
"Sea stars",83781
"Sea stars",83782
"Sea stars",83783
"Sea stars",83784
"Sea stars",83785
"Sea stars",83786
"Sea stars",83787
"Sea stars",83788
"Sea stars",83789
"Sea stars",83790
"Sea stars",83791
"Sea stars",83792
"Sea stars",83793
"Sea stars",83794
"Sea stars",83795
"Sea stars",83796
"Sea stars",83797
"Sea stars",83798
"Sea stars",83799
"Sea stars",83800
"Sea stars",83801
"Sea stars",83802
"Sea stars",83803
"Sea stars",83804
"Sea stars",83805
"Sea stars",83806
"Sea stars",83807
"Sea stars",83808
"Sea stars",83809
"Sea stars",83810
"Sea stars",83811
"Sea stars",83812
"Sea stars",83813
"Sea stars",83814
"Sea stars",83815
"Sea stars",83816
"Sea stars",83817
"Sea stars",83818
"Sea stars",83819
"Sea stars",83820
"Sea stars",83821
"Sea stars",83822
"Sea stars",83823
"Sea stars",83824
"Sea stars",83825
"Sea stars",83826
"Sea stars",83827
"Sea stars",83828
"Sea stars",83829
"Sea stars",83830
"Sea stars",83831
"Sea stars",83832
"Sea stars",83833
"Sea stars",83834
"Sea stars",83835
"Sea stars",83836
"Sea stars",83837
"Sea stars",83838
"Sea stars",83839
"Sea stars",83840
"Sea stars",83841
"Sea stars",83842
"Sea stars",83843
"Sea stars",83844
"Sea stars",83845
"Sea stars",83846
"Sea stars",83847
"Sea stars",83848
"Sea stars",83849
"Sea stars",83850
"Sea stars",83851
"Sea stars",83852
"Sea stars",83853
"Sea stars",83854
"Sea stars",83855
"Sea stars",83856
"Sea stars",83857
"Sea stars",83858
"Sea stars",83859
"Sea stars",83860
"Sea stars",83861
"Sea stars",83862
"Sea stars",83863
"Sea stars",83864
"Sea stars",83865
"Sea stars",83866
"Sea stars",83867
"Sea stars",83868
"Sea stars",83869
"Sea stars",83870
"Sea stars",83871
"Sea stars",83872
"Sea stars",83873
"Sea stars",83874
"Sea stars",83875
"Sea stars",83876
"Sea stars",83877
"Sea stars",83878
"Sea stars",83879
"Sea stars",83880
"Sea stars",83881
"Sea stars",83882
"Sea stars",83883
"Sea stars",83884
"Sea stars",83885
"Sea stars",83886
"Sea stars",83887
"Sea stars",83888
"Sea stars",83889
"Sea stars",83890
"Sea stars",83891
"Sea stars",83892
"Sea stars",83893
"Sea stars",83894
"Sea stars",83895
"Sea stars",83896
"Sea stars",83897
"Sea stars",83898
"Sea stars",83899
"Sea stars",83900
"Sea stars",83901
"Sea stars",83902
"Sea stars",83903
"Sea stars",83904
"Sea stars",83905
"Sea stars",83906
"Sea stars",83907
"Sea stars",83908
"Sea stars",83909
"Sea stars",83910
"Sea stars",83911
"Sea stars",83912
"Sea stars",83913
"Sea stars",83914
"Sea stars",83915
"Sea stars",83916
"Sea stars",83917
"Sea stars",83918
"Sea stars",83919
"Sea stars",83920
"Sea stars",83921
"Sea stars",83922
"Sea stars",83923
"Sea stars",83924
"Sea stars",83925
"Sea stars",83926
"Sea stars",83927
"Sea stars",83928
"Sea stars",83929
"Sea stars",83930
"Sea stars",83931
"Sea stars",83932
"Sea stars",83933
"Sea stars",83934
"Sea stars",83935
"Sea stars",83936
"Sea stars",83937
"Sea stars",83938
"Sea stars",83939
"Sea stars",83940
"Sea stars",83941
"Sea stars",83942
"Sea stars",83943
"Sea stars",83944
"Sea stars",83945
"Sea stars",83946
"Sea stars",83947
"Sea stars",83948
"Sea stars",83949
"Sea stars",83950
"Sea stars",83951
"Sea stars",83952
"Sea stars",83953
"Sea stars",83954
"Sea stars",83955
"Sea stars",83956
"Sea stars",83957
"Sea stars",83958
"Sea stars",83959
"Sea stars",83960
"Sea stars",83961
"Sea stars",83962
"Sea stars",83963
"Sea stars",83964
"Sea stars",83965
"Sea stars",83966
"Sea stars",83967
"Sea stars",83968
"Sea stars",83969
"Sea stars",83970
"Sea stars",83971
"Sea stars",83972
"Sea stars",83973
"Sea stars",83974
"Sea stars",83975
"Sea stars",83976
"Sea stars",83977
"Sea stars",83978
"Sea stars",83979
"Sea stars",83980
"Sea stars",83981
"Sea stars",83982
"Sea stars",83983
"Sea stars",83984
"Sea stars",83985
"Sea stars",83986
"Sea stars",83987
"Sea stars",83988
"Sea stars",83989
"Sea stars",83990
"Sea stars",83991
"Sea stars",83992
"Sea stars",83993
"Sea stars",83994
"Sea stars",83995
"Sea stars",83996
"Sea stars",83997
"Sea stars",83998
"Sea stars",83999
"Sea stars",84000
"Sea stars",84001
"Sea stars",84002
"Sea stars",84003
"Sea stars",84004
"Sea stars",84005
"Sea stars",84006
"Sea stars",84007
"Sea stars",84008
"Sea stars",84009
"Sea stars",84010
"Sea stars",84011
"Sea stars",84012
"Sea stars",84013
"Sea stars",84014
"Sea stars",84015
"Sea stars",84016
"Sea stars",84017
"Sea stars",84018
"Sea stars",84019
"Sea stars",84020
"Sea stars",84021
"Sea stars",84022
"Sea stars",84023
"Sea stars",84024
"Sea stars",84025
"Sea stars",84026
"Sea stars",84027
"Sea stars",84028
"Sea stars",84029
"Sea stars",84030
"Sea stars",84031
"Sea stars",84032
"Sea stars",84033
"Sea stars",84034
"Sea stars",84035
"Sea stars",84036
"Sea stars",84037
"Sea stars",84038
"Sea stars",84039
"Sea stars",84040
"Sea stars",84041
"Sea stars",84042
"Sea stars",84043
"Sea stars",84044
"Sea stars",84045
"Sea stars",84046
"Sea stars",84047
"Sea stars",84048
"Sea stars",84049
"Sea stars",84050
"Sea stars",84051
"Sea stars",84052
"Sea stars",84053
"Sea stars",84054
"Sea stars",84055
"Sea stars",84056
"Sea stars",84057
"Sea stars",84058
"Sea stars",84059
"Sea stars",84060
"Sea stars",84061
"Sea stars",84062
"Sea stars",84063
"Sea stars",84064
"Sea stars",84065
"Sea stars",84066
"Sea stars",84067
"Sea stars",84068
"Sea stars",84069
"Sea stars",84070
"Sea stars",84071
"Sea stars",84072
"Sea stars",84073
"Sea stars",84074
"Sea stars",84075
"Sea stars",84076
"Sea stars",84077
"Sea stars",84078
"Sea stars",84079
"Sea stars",84080
"Sea stars",84081
"Sea stars",84082
"Sea stars",84083
"Sea stars",84084
"Sea stars",84085
"Sea stars",84086
"Sea stars",84087
"Sea stars",84088
"Sea stars",84089
"Sea stars",84090
"Sea stars",84091
"Sea stars",84092
"Sea stars",84093
"Sea stars",84094
"Sea stars",84095
"Sea stars",84096
"Sea stars",84097
"Sea stars",84098
"Sea stars",84099
"Sea stars",84100
"Sea stars",84101
"Sea stars",84102
"Sea stars",84103
"Sea stars",84104
"Sea stars",84105
"Sea stars",84106
"Sea stars",84107
"Sea stars",84108
"Sea stars",84109
"Sea stars",84110
"Sea stars",84111
"Sea stars",84112
"Sea stars",84113
"Sea stars",84114
"Sea stars",84115
"Sea stars",84116
"Sea stars",84117
"Sea stars",84118
"Sea stars",84119
"Sea stars",84120
"Sea stars",84121
"Sea stars",84122
"Sea stars",84123
"Sea stars",84124
"Sea stars",84125
"Sea stars",84126
"Sea stars",84127
"Sea stars",84128
"Sea stars",84129
"Sea stars",84130
"Sea stars",84131
"Sea stars",84132
"Sea stars",84133
"Sea stars",84134
"Sea stars",84135
"Sea stars",84136
"Sea stars",84137
"Sea stars",84138
"Sea stars",84139
"Sea stars",84140
"Sea stars",84141
"Sea stars",84142
"Sea stars",84143
"Sea stars",84144
"Sea stars",84145
"Sea stars",84146
"Sea stars",84147
"Sea stars",84148
"Sea stars",84149
"Sea stars",84150
"Sea stars",84151
"Sea stars",84152
"Sea stars",84153
"Sea stars",84154
"Sea stars",84155
"Sea stars",84156
"Sea stars",84157
"Sea stars",84158
"Sea stars",84159
"Sea stars",84160
"Sea stars",84161
"Sea stars",84162
"Sea stars",84163
"Sea stars",84164
"Sea stars",84165
"Sea stars",84166
"Sea stars",84167
"Sea stars",84168
"Sea stars",84169
"Sea stars",84170
"Sea stars",84171
"Sea stars",84172
"Sea stars",84173
"Sea stars",84174
"Sea stars",84175
"Sea stars",84176
"Sea stars",84177
"Sea stars",84178
"Sea stars",84179
"Sea stars",84180
"Sea stars",84181
"Sea stars",84182
"Sea stars",84183
"Sea stars",84184
"Sea stars",84185
"Sea stars",84186
"Sea stars",84187
"Sea stars",84188
"Sea stars",84189
"Sea stars",84190
"Sea stars",84191
"Sea stars",84192
"Sea stars",84193
"Sea stars",84194
"Sea stars",84195
"Sea stars",84196
"Sea stars",84197
"Sea stars",84198
"Sea stars",84199
"Sea stars",84200
"Sea stars",84201
"Sea stars",84202
"Sea stars",84203
"Sea stars",84204
"Sea stars",84205
"Sea stars",84206
"Sea stars",84207
"Sea stars",84208
"Sea stars",84209
"Sea stars",84210
"Sea stars",84211
"Sea stars",84212
"Sea stars",84213
"Sea stars",84214
"Sea stars",84215
"Sea stars",84216
"Sea stars",84217
"Sea stars",84218
"Sea stars",84219
"Sea stars",84220
"Sea stars",84221
"Sea stars",84222
"Sea stars",84223
"Sea stars",84224
"Sea stars",84225
"Sea stars",84226
"Sea stars",84227
"Sea stars",84228
"Sea stars",84229
"Sea stars",84230
"Sea stars",84231
"Sea stars",84232
"Sea stars",84233
"Sea stars",84234
"Sea stars",84235
"Sea stars",84236
"Sea stars",84237
"Sea stars",84238
"Sea stars",84239
"Sea stars",84240
"Sea stars",84241
"Sea stars",84242
"Sea stars",84243
"Sea stars",84244
"Sea stars",84245
"Sea stars",84246
"Sea stars",84247
"Sea stars",84248
"Sea stars",84249
"Sea stars",84250
"Sea stars",84251
"Sea stars",84252
"Sea stars",84253
"Sea stars",84254
"Sea stars",84255
"Sea stars",84256
"Sea stars",84257
"Sea stars",84258
"Sea stars",84259
"Sea stars",84260
"Sea stars",84261
"Sea stars",84262
"Sea stars",84263
"Sea stars",84264
"Sea stars",84265
"Sea stars",84266
"Sea stars",84267
"Sea stars",84268
"Sea stars",84269
"Sea stars",84270
"Sea stars",84271
"Sea stars",84272
"Sea stars",84273
"Sea stars",84274
"Sea stars",84275
"Sea stars",84276
"Sea stars",84277
"Sea stars",84278
"Sea stars",84279
"Sea stars",84280
"Sea stars",84281
"Sea stars",84282
"Sea stars",84283
"Sea stars",84284
"Sea stars",84285
"Sea stars",84286
"Sea stars",84287
"Sea stars",84288
"Sea stars",84289
"Sea stars",84290
"Sea stars",84291
"Sea stars",84292
"Sea stars",84293
"Sea stars",84294
"Sea stars",84295
"Sea stars",84296
"Sea stars",84297
"Sea stars",84298
"Sea stars",84299
"Sea stars",84300
"Sea stars",84301
"Sea stars",84302
"Sea stars",84303
"Sea stars",84304
"Sea stars",84305
"Sea stars",84306
"Sea stars",84307
"Sea stars",84308
"Sea stars",84309
"Sea stars",84310
"Sea stars",84311
"Sea stars",84312
"Sea stars",84313
"Sea stars",84314
"Sea stars",84315
"Sea stars",84316
"Sea stars",84317
"Sea stars",84318
"Sea stars",84319
"Sea stars",84320
"Sea stars",84321
"Sea stars",84322
"Sea stars",84323
"Sea stars",84324
"Sea stars",84325
"Sea stars",84326
"Sea stars",84327
"Sea stars",84328
"Sea stars",84329
"Sea stars",84330
"Sea stars",84331
"Sea stars",84332
"Sea stars",84333
"Sea stars",84334
"Sea stars",84335
"Sea stars",84336
"Sea stars",84337
"Sea stars",84338
"Sea stars",84339
"Sea stars",84340
"Sea stars",84341
"Sea stars",84342
"Sea stars",84343
"Sea stars",84344
"Sea stars",84345
"Sea stars",84346
"Sea stars",84347
"Sea stars",84348
"Sea stars",84349
"Sea stars",84350
"Sea stars",84351
"Sea stars",84352
"Sea stars",84353
"Sea stars",84354
"Sea stars",84355
"Sea stars",84356
"Sea stars",84357
"Sea stars",84358
"Sea stars",84359
"Sea stars",84360
"Sea stars",84361
"Sea stars",84362
"Sea stars",84363
"Sea stars",84364
"Sea stars",84365
"Sea stars",84366
"Sea stars",84367
"Sea stars",84368
"Sea stars",84369
"Sea stars",84370
"Sea stars",84371
"Sea stars",84372
"Sea stars",84373
"Sea stars",84374
"Sea stars",84375
"Sea stars",84376
"Sea stars",84377
"Sea stars",84378
"Sea stars",84379
"Sea stars",84380
"Sea stars",84381
"Sea stars",84382
"Sea stars",84383
"Sea stars",84384
"Sea stars",84385
"Sea stars",84386
"Sea stars",84387
"Sea stars",84388
"Sea stars",84389
"Sea stars",84390
"Sea stars",84391
"Sea stars",84392
"Sea stars",84393
"Sea stars",84394
"Sea stars",84395
"Sea stars",84396
"Sea stars",84397
"Sea stars",84398
"Sea stars",84399
"Sea stars",84400
"Sea stars",84401
"Sea stars",84402
"Sea stars",84403
"Sea stars",84404
"Sea stars",84405
"Sea stars",84406
"Sea stars",84407
"Sea stars",84408
"Sea stars",84409
"Sea stars",84410
"Sea stars",84411
"Sea stars",84412
"Sea stars",84413
"Sea stars",84414
"Sea stars",84415
"Sea stars",84416
"Sea stars",84417
"Sea stars",84418
"Sea stars",84419
"Sea stars",84420
"Sea stars",84421
"Sea stars",84422
"Sea stars",84423
"Sea stars",84424
"Sea stars",84425
"Sea stars",84426
"Sea stars",84427
"Sea stars",84428
"Sea stars",84429
"Sea stars",84430
"Sea stars",84431
"Sea stars",84432
"Sea stars",84433
"Sea stars",84434
"Sea stars",84435
"Sea stars",84436
"Sea stars",84437
"Sea stars",84438
"Sea stars",84439
"Sea stars",84440
"Sea stars",84441
"Sea stars",84442
"Sea stars",84443
"Sea stars",84444
"Sea stars",84445
"Sea stars",84446
"Sea stars",84447
"Sea stars",84448
"Sea stars",84449
"Sea stars",84450
"Sea stars",84451
"Sea stars",84452
"Sea stars",84453
"Sea stars",84454
"Sea stars",84455
"Sea stars",84456
"Sea stars",84457
"Sea stars",84458
"Sea stars",84459
"Sea stars",84460
"Sea stars",84461
"Sea stars",84462
"Sea stars",84463
"Sea stars",84464
"Sea stars",84465
"Sea stars",84466
"Sea stars",84467
"Sea stars",84468
"Sea stars",84469
"Sea stars",84470
"Sea stars",84471
"Sea stars",84472
"Sea stars",84473
"Sea stars",84474
"Sea stars",84475
"Sea stars",84476
"Sea stars",84477
"Sea stars",84478
"Sea stars",84479
"Sea stars",84480
"Sea stars",84481
"Sea stars",84482
"Sea stars",84483
"Sea stars",84484
"Sea stars",84485
"Sea stars",84486
"Sea stars",84487
"Sea stars",84488
"Sea stars",84489
"Sea stars",84490
"Sea stars",84491
"Sea stars",84492
"Sea stars",84493
"Sea stars",84494
"Sea stars",84495
"Sea stars",84496
"Sea stars",84497
"Sea stars",84498
"Sea stars",84499
"Sea stars",84500
"Sea stars",84501
"Sea stars",84502
"Sea stars",84503
"Sea stars",84504
"Sea stars",84505
"Sea stars",84506
"Sea stars",84507
"Sea stars",84508
"Sea stars",84509
"Sea stars",84510
"Sea stars",84511
"Sea stars",84512
"Sea stars",84513
"Sea stars",84514
"Sea stars",84515
"Sea stars",84516
"Sea stars",84517
"Sea stars",84518
"Sea stars",84519
"Sea stars",84520
"Sea stars",84521
"Sea stars",84522
"Sea stars",84523
"Sea stars",84524
"Sea stars",84525
"Sea stars",84526
"Sea stars",84527
"Sea stars",84528
"Sea stars",84529
"Sea stars",84530
"Sea stars",84531
"Sea stars",84532
"Sea stars",84533
"Sea stars",84534
"Sea stars",84535
"Sea stars",84536
"Sea stars",84537
"Sea stars",84538
"Sea stars",84539
"Sea stars",84540
"Sea stars",84541
"Sea stars",84542
"Sea stars",84543
"Sea stars",84544
"Sea stars",84545
"Sea stars",84546
"Sea stars",84547
"Sea stars",84548
"Sea stars",84549
"Sea stars",84550
"Sea stars",84551
"Sea stars",84552
"Sea stars",84553
"Sea stars",84554
"Sea stars",84555
"Sea stars",84556
"Sea stars",84557
"Sea stars",84558
"Sea stars",84559
"Sea stars",84560
"Sea stars",84561
"Sea stars",84562
"Sea stars",84563
"Sea stars",84564
"Sea stars",84565
"Sea stars",84566
"Sea stars",84567
"Sea stars",84568
"Sea stars",84569
"Sea stars",84570
"Sea stars",84571
"Sea stars",84572
"Sea stars",84573
"Sea stars",84574
"Sea stars",84575
"Sea stars",84576
"Sea stars",84577
"Sea stars",84578
"Sea stars",84579
"Sea stars",84580
"Sea stars",84581
"Sea stars",84582
"Sea stars",84583
"Sea stars",84584
"Sea stars",84585
"Sea stars",84586
"Sea stars",84587
"Sea stars",84588
"Sea stars",84589
"Sea stars",84590
"Sea stars",84591
"Sea stars",84592
"Sea stars",84593
"Sea stars",84594
"Sea stars",84595
"Sea stars",84596
"Sea stars",84597
"Sea stars",84598
"Sea stars",84599
"Sea stars",84600
"Sea stars",84601
"Sea stars",84602
"Sea stars",84603
"Sea stars",84604
"Sea stars",84605
"Sea stars",84606
"Sea stars",84607
"Sea stars",84608
"Sea stars",84609
"Sea stars",84610
"Sea stars",84611
"Sea stars",84612
"Sea stars",84613
"Sea stars",84614
"Sea stars",84615
"Sea stars",84616
"Sea stars",84617
"Sea stars",84618
"Sea stars",84619
"Sea stars",84620
"Sea stars",84621
"Sea stars",84622
"Sea stars",84623
"Sea stars",84624
"Sea stars",84625
"Sea stars",84626
"Sea stars",84627
"Sea stars",84628
"Sea stars",84629
"Sea stars",84630
"Sea stars",84631
"Sea stars",84632
"Sea stars",84633
"Sea stars",84634
"Sea stars",84635
"Sea stars",84636
"Sea stars",84637
"Sea stars",84638
"Sea stars",84639
"Sea stars",84640
"Sea stars",84641
"Sea stars",84642
"Sea stars",84643
"Sea stars",84644
"Sea stars",84645
"Sea stars",84646
"Sea stars",84647
"Sea stars",84648
"Sea stars",84649
"Sea stars",84650
"Sea stars",84651
"Sea stars",84652
"Sea stars",84653
"Sea stars",84654
"Sea stars",84655
"Sea stars",84656
"Sea stars",84657
"Sea stars",84658
"Sea stars",84659
"Sea stars",84660
"Sea stars",84661
"Sea stars",84662
"Sea stars",84663
"Sea stars",84664
"Sea stars",84665
"Sea stars",84666
"Sea stars",84667
"Sea stars",84668
"Sea stars",84669
"Sea stars",84670
"Sea stars",84671
"Sea stars",84672
"Sea stars",84673
"Sea stars",84674
"Sea stars",84675
"Sea stars",84676
"Sea stars",84677
"Sea stars",84678
"Sea stars",84679
"Sea stars",84680
"Sea stars",84681
"Sea stars",84682
"Sea stars",84683
"Sea stars",84684
"Sea stars",84685
"Sea stars",84686
"Sea stars",84687
"Sea stars",84688
"Sea stars",84689
"Sea stars",84690
"Sea stars",84691
"Sea stars",84692
"Sea stars",84693
"Sea stars",84694
"Sea stars",84695
"Sea stars",84696
"Sea stars",84697
"Sea stars",84698
"Sea stars",84699
"Sea stars",84700
"Sea stars",84701
"Sea stars",84702
"Sea stars",84703
"Sea stars",84704
"Sea stars",84705
"Sea stars",84706
"Sea stars",84707
"Sea stars",84708
"Sea stars",84709
"Sea stars",84710
"Sea stars",84711
"Sea stars",84712
"Sea stars",84713
"Sea stars",84714
"Sea stars",84715
"Sea stars",84716
"Sea stars",84717
"Sea stars",84718
"Sea stars",84719
"Sea stars",84720
"Sea stars",84721
"Sea stars",84722
"Sea stars",84723
"Sea stars",84724
"Sea stars",84725
"Sea stars",84726
"Sea stars",84727
"Sea stars",84728
"Sea stars",84729
"Sea stars",84730
"Sea stars",84731
"Sea stars",84732
"Sea stars",84733
"Sea stars",84734
"Sea stars",84735
"Sea stars",84736
"Sea stars",84737
"Sea stars",84738
"Sea stars",84739
"Sea stars",84740
"Sea stars",84741
"Sea stars",84742
"Sea stars",84743
"Sea stars",84744
"Sea stars",84745
"Sea stars",84746
"Sea stars",84747
"Sea stars",84748
"Sea stars",84749
"Sea stars",84750
"Sea stars",84751
"Sea stars",84752
"Sea stars",84753
"Sea stars",84754
"Sea stars",84755
"Sea stars",84756
"Sea stars",84757
"Sea stars",84758
"Sea stars",84759
"Sea stars",84760
"Sea stars",84761
"Sea stars",84762
"Sea stars",84763
"Sea stars",84764
"Sea stars",84765
"Sea stars",84766
"Sea stars",84767
"Sea stars",84768
"Sea stars",84769
"Sea stars",84770
"Sea stars",84771
"Sea stars",84772
"Sea stars",84773
"Sea stars",84774
"Sea stars",84775
"Sea stars",84776
"Sea stars",84777
"Sea stars",84778
"Sea stars",84779
"Sea stars",84780
"Sea stars",84781
"Sea stars",84782
"Sea stars",84783
"Sea stars",84784
"Sea stars",84785
"Sea stars",84786
"Sea stars",84787
"Sea stars",84788
"Sea stars",84789
"Sea stars",84790
"Sea stars",84791
"Sea stars",84792
"Sea stars",84793
"Sea stars",84794
"Sea stars",84795
"Sea stars",84796
"Sea stars",84797
"Sea stars",84798
"Sea stars",84799
"Sea stars",84800
"Sea stars",84801
"Sea stars",84802
"Sea stars",84803
"Sea stars",84804
"Sea stars",84805
"Sea stars",84806
"Sea stars",84807
"Sea stars",84808
"Sea stars",84809
"Sea stars",84810
"Sea stars",84811
"Sea stars",84812
"Sea stars",84813
"Sea stars",84814
"Sea stars",84815
"Sea stars",84816
"Sea stars",84817
"Sea stars",84818
"Sea stars",84819
"Sea stars",84820
"Sea stars",84821
"Sea stars",84822
"Sea stars",84823
"Sea stars",84824
"Sea stars",84825
"Sea stars",84826
"Sea stars",84827
"Sea stars",84828
"Sea stars",84829
"Sea stars",84830
"Sea stars",84831
"Sea stars",84832
"Sea stars",84833
"Sea stars",84834
"Sea stars",84835
"Sea stars",84836
"Sea stars",84837
"Sea stars",84838
"Sea stars",84839
"Sea stars",84840
"Sea stars",84841
"Sea stars",84842
"Sea stars",84843
"Sea stars",84844
"Sea stars",84845
"Sea stars",84846
"Sea stars",84847
"Sea stars",84848
"Sea stars",84849
"Sea stars",84850
"Sea stars",84851
"Sea stars",84852
"Sea stars",84853
"Sea stars",84854
"Sea stars",84855
"Sea stars",84856
"Sea stars",84857
"Sea stars",84858
"Sea stars",84859
"Sea stars",84860
"Sea stars",84861
"Sea stars",84862
"Sea stars",84863
"Sea stars",84864
"Sea stars",84865
"Sea stars",84866
"Sea stars",84867
"Sea stars",84868
"Sea stars",84869
"Sea stars",84870
"Sea stars",84871
"Sea stars",84872
"Sea stars",84873
"Sea stars",84874
"Sea stars",84875
"Sea stars",84876
"Sea stars",84877
"Sea stars",84878
"Sea stars",84879
"Sea stars",84880
"Sea stars",84881
"Sea stars",84882
"Sea stars",84883
"Sea stars",84884
"Sea stars",84885
"Sea stars",84886
"Sea stars",84887
"Sea stars",84888
"Sea stars",84889
"Sea stars",84890
"Sea stars",84891
"Sea stars",84892
"Sea stars",84893
"Sea stars",84894
"Sea stars",84895
"Sea stars",84896
"Sea stars",84897
"Sea stars",84898
"Sea stars",84899
"Sea stars",84900
"Sea stars",84901
"Sea stars",84902
"Sea stars",84903
"Sea stars",84904
"Sea stars",84905
"Sea stars",84906
"Sea stars",84907
"Sea stars",84908
"Sea stars",84909
"Sea stars",84910
"Sea stars",84911
"Sea stars",84912
"Sea stars",84913
"Sea stars",84914
"Sea stars",84915
"Sea stars",84916
"Sea stars",84917
"Sea stars",84918
"Sea stars",84919
"Sea stars",84920
"Sea stars",84921
"Sea stars",84922
"Sea stars",84923
"Sea stars",84924
"Sea stars",84925
"Sea stars",84926
"Sea stars",84927
"Sea stars",84928
"Sea stars",84929
"Sea stars",84930
"Sea stars",84931
"Sea stars",84932
"Sea stars",84933
"Sea stars",84934
"Sea stars",84935
"Sea stars",84936
"Sea stars",84937
"Sea stars",84938
"Sea stars",84939
"Sea stars",84940
"Sea stars",84941
"Sea stars",84942
"Sea stars",84943
"Sea stars",84944
"Sea stars",84945
"Sea stars",84946
"Sea stars",84947
"Sea stars",84948
"Sea stars",84949
"Sea stars",84950
"Sea stars",84951
"Sea stars",84952
"Sea stars",84953
"Sea stars",84954
"Sea stars",84955
"Sea stars",84956
"Sea stars",84957
"Sea stars",84958
"Sea stars",84959
"Sea stars",84960
"Sea stars",84961
"Sea stars",84962
"Sea stars",84963
"Sea stars",84964
"Sea stars",84965
"Sea stars",84966
"Sea stars",84967
"Sea stars",84968
"Sea stars",84969
"Sea stars",84970
"Sea stars",84971
"Sea stars",84972
"Sea stars",84973
"Sea stars",84974
"Sea stars",84975
"Sea stars",84976
"Sea stars",84977
"Sea stars",84978
"Sea stars",84979
"Sea stars",84980
"Sea stars",84981
"Sea stars",84982
"Sea stars",84983
"Sea stars",84984
"Sea stars",84985
"Sea stars",84986
"Sea stars",84987
"Sea stars",84988
"Sea stars",84989
"Sea stars",84990
"Sea stars",84991
"Sea stars",84992
"Sea stars",84993
"Sea stars",84994
"Sea stars",84995
"Sea stars",84996
"Sea stars",84997
"Sea stars",84998
"Sea stars",84999
"Gorgonians",41099
"Gorgonians",41500
